date,year,month,day,1329 iシェアーズ・コア 日経225ETF,1364 ｉシェアーズ JPX日経400 ETF,1369 One ETF 日経225,1385 UBS ETF ユーロ圏大型株50(E･ストックス50),1386 UBS ETF 欧州株(MSCIヨーロッパ),1389 UBS ETF 英国大型株100(FTSE 100),1390 UBS ETF MSCIアジア太平洋株(除く日本),1391 UBS ETF スイス株(MSCIスイス20/35),1392 UBS ETF 英国株(MSCI英国),1458 楽天 ETF-日経レバレッジ指数連動型,1459 楽天 ETF-日経ダブルインバース指数連動型,1473 One ETF トピックス,1474 One ETF JPX日経400,1475 iシェアーズ・コア TOPIX ETF,1476 iシェアーズ・コア Ｊリート ETF,1477 iシェアーズ MSCI 日本株最小分散 ETF,1478 iシェアーズ MSCI ジャパン高配当利回り ETF,1482 iシェアーズ・コア 米国債7-10年ETF(H有),1483 iシェアーズ JPX/S&P 設備･人材投資ETF,1484 One ETF JPX/S&P 設備･人材投資指数,1489 (NEXT FUNDS)日経平均高配当株50指数連動型ETF,1493 One ETF JPX日経中小型,1494 One ETF 高配当日本株,1496 iシェアーズ 米ドル建て投資適格社債ETF(H有),1497 iシェアーズ 米ドル建ハイイールド社債ETF(H有),1498 One ETF ESG,1552 国際のETF VIX短期先物指数,1557 SPDR S&P500 ETF,1575 ChinaAMC CSI 300 Index ETF-JDR,1576 南方 FTSE 中国A株 50 ETF,1577 (NEXT FUNDS)野村日本株高配当70連動型ETF,1655 iシェアーズ S&P500 米国株 ETF,1656 iシェアーズ･コア　米国債7-10年 ETF,1657 iシェアーズ･コア MSCI 先進国株(除く日本)ETF,1658 iシェアーズ･コア MSCI 新興国株 ETF,1659 iシェアーズ 米国リート ETF,1683 One ETF 国内金先物,2516 東証マザーズETF,富士通(株)：前日比,富士通(株)：翌日比
2019-10-24,2019,10,24,100.0,90.0,110.0,10.0,30.0,120.0,10.0,-10.0,23.0,130.0,-40.0,6.0,70.0,4.0,-10.0,-1.0,15.0,-1.0,22.0,4.0,300.0,50.0,130.0,0.0,7.0,60.0,-170.0,200.0,2.0,3.0,160.0,17.0,7.0,13.0,12.0,16.0,70.0,7.0,152.0,37.0
2019-10-23,2019,10,23,110.0,50.0,110.0,-10.0,20.0,-30.0,-60.0,-10.0,9.0,100.0,-30.0,11.0,80.0,11.0,3.0,15.0,7.0,-1.0,18.0,9.0,200.0,140.0,180.0,-6.0,-3.0,60.0,20.0,-50.0,-4.0,0.0,150.0,-3.0,0.0,-4.0,1.0,8.0,-30.0,10.0,27.0,152.0
2019-10-21,2019,10,21,50.0,70.0,60.0,40.0,30.0,40.0,70.0,33.0,-10.0,60.0,-25.0,7.0,70.0,6.0,22.0,10.0,12.0,-2.0,-22.0,7.0,200.0,130.0,120.0,2.0,0.0,90.0,-150.0,50.0,-2.0,0.0,140.0,-1.0,-6.0,1.0,4.0,14.0,-10.0,6.0,61.0,27.0
2019-10-18,2019,10,18,50.0,-40.0,20.0,-5.0,-30.0,-10.0,10.0,1.0,20.0,40.0,-15.0,-2.0,-40.0,-2.0,-7.0,-9.0,-4.0,-2.0,2.0,-8.0,-50.0,-30.0,-10.0,4.0,1.0,-40.0,-10.0,0.0,-3.0,13.0,-30.0,1.0,1.0,3.0,1.0,-4.0,0.0,0.0,-63.0,61.0
2019-10-17,2019,10,17,10.0,-30.0,30.0,10.0,60.0,50.0,10.0,-28.0,10.0,0.0,0.0,-7.0,-40.0,-5.0,-5.0,-9.0,-7.0,4.0,8.0,-5.0,0.0,20.0,-20.0,1.0,0.0,-30.0,-190.0,50.0,-2.0,6.0,-80.0,1.0,4.0,2.0,13.0,8.0,10.0,-2.0,5.0,-63.0
2019-10-16,2019,10,16,250.0,90.0,230.0,55.0,90.0,130.0,20.0,5.0,0.0,250.0,-95.0,10.0,90.0,4.0,20.0,9.0,5.0,-8.0,28.0,8.0,100.0,60.0,70.0,-8.0,11.0,100.0,-400.0,150.0,5.0,3.0,120.0,15.0,-3.0,19.0,3.0,11.0,10.0,-6.0,11.0,5.0
2019-10-15,2019,10,15,450.0,210.0,440.0,110.0,120.0,220.0,0.0,9.0,78.0,440.0,-155.0,26.0,210.0,31.0,0.0,27.0,34.0,-6.0,5.0,24.0,400.0,190.0,340.0,8.0,7.0,180.0,-250.0,400.0,5.0,-24.0,370.0,24.0,-3.0,26.0,21.0,11.0,-75.0,6.0,-47.0,11.0
2019-10-11,2019,10,11,230.0,140.0,260.0,50.0,200.0,210.0,15.0,0.0,37.0,220.0,-100.0,15.0,170.0,14.0,-5.0,11.0,27.0,-17.0,0.0,12.0,450.0,60.0,170.0,-18.0,0.0,180.0,-410.0,550.0,14.0,0.0,380.0,40.0,-6.0,30.0,25.0,10.0,0.0,-12.0,37.0,-47.0
2019-10-10,2019,10,10,90.0,-20.0,90.0,15.0,-70.0,0.0,-40.0,-10.0,-5.0,100.0,-30.0,-1.0,20.0,0.0,-18.0,-22.0,3.0,-18.0,0.0,-1.0,150.0,-110.0,-50.0,-16.0,-24.0,20.0,-70.0,300.0,9.0,7.0,-130.0,18.0,-6.0,11.0,25.0,3.0,70.0,-12.0,49.0,37.0
2019-10-09,2019,10,9,-150.0,-20.0,-190.0,-35.0,-60.0,-150.0,75.0,-9.0,-14.0,-150.0,60.0,-7.0,-90.0,-6.0,18.0,18.0,-9.0,8.0,7.0,-4.0,-250.0,10.0,10.0,3.0,-10.0,-70.0,540.0,-650.0,-8.0,2.0,30.0,-41.0,1.0,-28.0,-24.0,-16.0,-70.0,-7.0,46.0,49.0
2019-10-08,2019,10,8,240.0,80.0,260.0,80.0,50.0,70.0,-70.0,29.0,6.0,230.0,-100.0,19.0,140.0,16.0,17.0,12.0,15.0,-10.0,2.0,13.0,300.0,180.0,80.0,-14.0,5.0,100.0,-70.0,250.0,-6.0,24.0,150.0,20.0,6.0,13.0,15.0,13.0,120.0,7.0,70.0,46.0
2019-10-07,2019,10,7,-30.0,80.0,-80.0,0.0,90.0,90.0,-100.0,20.0,16.0,-30.0,20.0,-5.0,-10.0,-1.0,12.0,4.0,-5.0,2.0,1.0,-1.0,-100.0,20.0,-1190.0,6.0,1.0,0.0,-320.0,350.0,15.0,10.0,-30.0,20.0,0.0,22.0,3.0,13.0,-135.0,-3.0,27.0,70.0
2019-10-04,2019,10,4,60.0,20.0,80.0,10.0,10.0,-20.0,150.0,0.0,-8.0,60.0,-35.0,7.0,50.0,6.0,21.0,6.0,5.0,9.0,-20.0,5.0,-650.0,100.0,950.0,10.0,4.0,50.0,-250.0,100.0,4.0,-20.0,-440.0,12.0,2.0,1.0,12.0,8.0,140.0,10.0,47.0,27.0
2019-10-03,2019,10,3,-430.0,-320.0,-420.0,-100.0,-260.0,-330.0,10.0,-70.0,-80.0,-450.0,175.0,-30.0,-250.0,-31.0,13.0,-29.0,-35.0,12.0,-11.0,-27.0,-650.0,-350.0,-410.0,-1.0,-15.0,-220.0,480.0,-800.0,-7.0,2.0,-290.0,-56.0,-1.0,-48.0,-22.0,-20.0,0.0,-11.0,-60.0,47.0
2019-10-02,2019,10,2,-140.0,70.0,-130.0,-75.0,-80.0,-140.0,-105.0,-12.0,-10.0,-120.0,35.0,-6.0,-90.0,-6.0,2.0,2.0,-5.0,10.0,8.0,-5.0,-50.0,190.0,230.0,5.0,-6.0,-50.0,420.0,-550.0,-5.0,7.0,-150.0,-42.0,3.0,-32.0,-25.0,-21.0,-70.0,1.0,59.0,-60.0
2019-10-01,2019,10,1,180.0,40.0,160.0,55.0,10.0,80.0,-50.0,12.0,20.0,170.0,-65.0,17.0,160.0,17.0,-14.0,15.0,28.0,-2.0,7.0,14.0,500.0,50.0,-30.0,4.0,-1.0,120.0,-280.0,250.0,0.0,23.0,310.0,23.0,3.0,13.0,6.0,-1.0,-30.0,0.0,-102.0,59.0
2019-09-30,2019,9,30,-130.0,-80.0,-100.0,0.0,80.0,50.0,55.0,-9.0,3.0,-130.0,55.0,-18.0,-110.0,-17.0,2.0,-21.0,-23.0,2.0,-20.0,-16.0,-500.0,-140.0,-210.0,3.0,-1.0,-50.0,150.0,-50.0,-4.0,-7.0,-170.0,-9.0,4.0,2.0,2.0,-3.0,-5.0,-4.0,-81.0,-102.0
2019-09-27,2019,9,27,-10.0,-80.0,-80.0,-10.0,0.0,0.0,-20.0,19.0,2.0,0.0,-5.0,-8.0,-40.0,-1.0,14.0,-12.0,2.0,0.0,1.0,-2.0,-50.0,80.0,80.0,-1.0,-2.0,-90.0,10.0,100.0,0.0,5.0,-70.0,5.0,6.0,6.0,-6.0,33.0,20.0,-1.0,-84.0,-81.0
2019-09-26,2019,9,26,0.0,70.0,80.0,15.0,-60.0,-100.0,-35.0,-20.0,0.0,0.0,0.0,8.0,-10.0,-1.0,16.0,1.0,8.0,-8.0,0.0,-2.0,100.0,-40.0,-10.0,-9.0,4.0,10.0,-20.0,100.0,-9.0,15.0,50.0,9.0,0.0,6.0,7.0,16.0,10.0,-1.0,-205.0,-84.0
2019-09-25,2019,9,25,-90.0,0.0,-110.0,-35.0,-50.0,-40.0,0.0,0.0,-35.0,-90.0,35.0,-3.0,-30.0,-3.0,17.0,4.0,-8.0,13.0,2.0,-6.0,50.0,90.0,140.0,6.0,-8.0,-50.0,390.0,-400.0,-9.0,-54.0,-40.0,-29.0,6.0,-21.0,-24.0,-15.0,135.0,3.0,310.0,-205.0
2019-09-24,2019,9,24,60.0,-20.0,40.0,-25.0,-10.0,30.0,0.0,4.0,0.0,50.0,-15.0,8.0,50.0,10.0,0.0,12.0,9.0,8.0,15.0,13.0,0.0,70.0,-80.0,18.0,2.0,100.0,100.0,-50.0,-9.0,-14.0,30.0,-5.0,4.0,-14.0,-6.0,-1.0,-140.0,15.0,-47.0,310.0
2019-09-20,2019,9,20,-20.0,-40.0,10.0,-20.0,0.0,20.0,25.0,21.0,0.0,10.0,-5.0,-3.0,-10.0,-3.0,16.0,2.0,-2.0,4.0,-13.0,-6.0,100.0,180.0,140.0,6.0,-4.0,-30.0,-160.0,0.0,11.0,-3.0,-30.0,3.0,2.0,11.0,4.0,4.0,55.0,7.0,-59.0,-47.0
2019-09-19,2019,9,19,110.0,110.0,100.0,15.0,-40.0,30.0,5.0,-12.0,-10.0,80.0,-35.0,10.0,90.0,10.0,15.0,11.0,-2.0,0.0,15.0,10.0,50.0,-100.0,-180.0,4.0,0.0,80.0,-300.0,-200.0,-1.0,-13.0,30.0,-6.0,-3.0,-11.0,-16.0,-11.0,-45.0,1.0,197.0,-59.0
2019-09-18,2019,9,18,-50.0,50.0,-40.0,20.0,80.0,-30.0,-45.0,6.0,2.0,-20.0,15.0,-6.0,-40.0,-7.0,-5.0,0.0,-11.0,3.0,11.0,-5.0,-350.0,60.0,110.0,7.0,0.0,-70.0,-60.0,100.0,3.0,23.0,-110.0,7.0,5.0,6.0,3.0,19.0,20.0,2.0,166.0,197.0
2019-09-17,2019,9,17,10.0,-30.0,0.0,-20.0,-110.0,10.0,-60.0,-15.0,26.0,-20.0,0.0,0.0,40.0,4.0,-9.0,2.0,5.0,-6.0,15.0,7.0,150.0,-10.0,100.0,-13.0,2.0,80.0,130.0,-300.0,-13.0,-11.0,20.0,-18.0,-7.0,-11.0,-12.0,-2.0,0.0,-5.0,61.0,166.0
2019-09-13,2019,9,13,230.0,150.0,230.0,40.0,40.0,130.0,105.0,25.0,11.0,240.0,-85.0,15.0,100.0,15.0,19.0,19.0,10.0,-6.0,16.0,6.0,50.0,80.0,100.0,-2.0,1.0,40.0,-190.0,150.0,5.0,-3.0,100.0,9.0,1.0,8.0,12.0,16.0,0.0,-6.0,74.0,61.0
2019-09-12,2019,9,12,200.0,140.0,180.0,30.0,90.0,100.0,70.0,11.0,27.0,180.0,-80.0,13.0,160.0,13.0,-2.0,14.0,14.0,-8.0,3.0,18.0,200.0,140.0,410.0,7.0,1.0,140.0,-190.0,350.0,12.0,7.0,120.0,26.0,-5.0,16.0,20.0,2.0,5.0,-7.0,-21.0,74.0
2019-09-11,2019,9,11,200.0,200.0,210.0,-45.0,50.0,70.0,20.0,-15.0,0.0,200.0,-80.0,28.0,200.0,24.0,-18.0,27.0,37.0,-12.0,23.0,21.0,900.0,130.0,470.0,-28.0,2.0,190.0,-90.0,200.0,1.0,8.0,550.0,15.0,-7.0,21.0,16.0,-3.0,0.0,13.0,-104.0,-21.0
2019-09-10,2019,9,10,80.0,200.0,220.0,95.0,70.0,160.0,40.0,15.0,10.0,190.0,-95.0,20.0,180.0,23.0,1.0,12.0,41.0,-10.0,13.0,14.0,850.0,-70.0,-50.0,-9.0,6.0,160.0,-200.0,100.0,0.0,4.0,600.0,4.0,-8.0,1.0,14.0,13.0,35.0,1.0,-147.0,-104.0
2019-09-06,2019,9,6,140.0,-60.0,30.0,20.0,30.0,110.0,0.0,-2.0,54.0,70.0,-25.0,2.0,-20.0,3.0,17.0,-2.0,9.0,-13.0,1.0,-1.0,250.0,280.0,280.0,-13.0,5.0,-10.0,-50.0,250.0,14.0,11.0,80.0,17.0,-1.0,9.0,5.0,-9.0,-40.0,-5.0,50.0,-147.0
2019-09-05,2019,9,5,60.0,230.0,460.0,50.0,190.0,0.0,40.0,7.0,5.0,420.0,-200.0,28.0,290.0,25.0,9.0,18.0,27.0,-8.0,3.0,24.0,550.0,-80.0,-140.0,-4.0,2.0,230.0,-470.0,600.0,6.0,-1.0,390.0,44.0,6.0,41.0,50.0,28.0,-10.0,13.0,186.0,50.0
2019-09-04,2019,9,4,450.0,0.0,20.0,20.0,-50.0,160.0,-40.0,-5.0,-24.0,50.0,-25.0,-4.0,-40.0,-2.0,21.0,1.0,-7.0,10.0,5.0,-4.0,-150.0,100.0,80.0,2.0,6.0,-10.0,-140.0,150.0,0.0,-29.0,-110.0,10.0,4.0,8.0,6.0,33.0,70.0,-3.0,66.0,186.0
2019-09-03,2019,9,3,50.0,50.0,20.0,10.0,10.0,-260.0,-5.0,-62.0,45.0,0.0,0.0,5.0,70.0,3.0,-7.0,5.0,5.0,-4.0,-2.0,6.0,200.0,-90.0,-30.0,-4.0,-7.0,40.0,100.0,-50.0,2.0,15.0,140.0,-5.0,11.0,-3.0,-8.0,-7.0,-70.0,4.0,-45.0,66.0
2019-09-02,2019,9,2,0.0,-50.0,-90.0,-30.0,20.0,50.0,100.0,64.0,29.0,-90.0,45.0,-5.0,-40.0,-5.0,-6.0,-5.0,1.0,2.0,-5.0,-1.0,0.0,240.0,200.0,-5.0,-4.0,0.0,200.0,-250.0,11.0,19.0,-50.0,-15.0,-14.0,-1.0,1.0,3.0,70.0,0.0,135.0,-45.0
2019-08-30,2019,8,30,-100.0,170.0,280.0,50.0,130.0,50.0,0.0,-16.0,5.0,250.0,-125.0,22.0,180.0,20.0,0.0,12.0,20.0,-10.0,26.0,15.0,500.0,-20.0,50.0,-3.0,4.0,140.0,-500.0,700.0,-2.0,2.0,320.0,47.0,10.0,39.0,40.0,20.0,-20.0,9.0,13.0,135.0
2019-08-29,2019,8,29,270.0,20.0,-30.0,15.0,-70.0,-30.0,5.0,33.0,0.0,-20.0,10.0,0.0,0.0,2.0,9.0,0.0,-2.0,8.0,-32.0,-1.0,50.0,-120.0,-10.0,4.0,7.0,-10.0,30.0,50.0,-3.0,-1.0,-20.0,8.0,10.0,5.0,-2.0,1.0,-60.0,-13.0,-68.0,13.0
2019-08-28,2019,8,28,-10.0,-10.0,10.0,-50.0,60.0,0.0,-5.0,-4.0,12.0,30.0,-25.0,3.0,-10.0,3.0,12.0,2.0,4.0,5.0,5.0,1.0,-50.0,220.0,130.0,6.0,-3.0,30.0,30.0,50.0,12.0,14.0,40.0,-2.0,-1.0,-2.0,5.0,-3.0,70.0,-3.0,8.0,-68.0
2019-08-27,2019,8,27,40.0,130.0,230.0,105.0,80.0,150.0,10.0,-1.0,-62.0,170.0,-80.0,11.0,170.0,11.0,-6.0,14.0,13.0,-14.0,1.0,10.0,250.0,-290.0,-220.0,-7.0,16.0,100.0,-170.0,540.0,-20.0,-11.0,160.0,43.0,11.0,31.0,21.0,16.0,5.0,-11.0,-12.0,8.0
2019-08-26,2019,8,26,160.0,-200.0,-470.0,-100.0,-200.0,10.0,-150.0,-4.0,5.0,-420.0,205.0,-28.0,-270.0,-27.0,-6.0,-22.0,-22.0,34.0,19.0,-18.0,-450.0,30.0,50.0,23.0,-16.0,-210.0,990.0,-1440.0,6.0,1.0,-290.0,-103.0,4.0,-82.0,-65.0,-45.0,-25.0,-10.0,-84.0,-12.0
2019-08-23,2019,8,23,-440.0,50.0,100.0,-5.0,10.0,-140.0,-15.0,-19.0,16.0,70.0,-45.0,6.0,60.0,6.0,5.0,5.0,5.0,-15.0,-1.0,5.0,100.0,-40.0,10.0,-13.0,6.0,40.0,90.0,200.0,-9.0,17.0,30.0,12.0,-16.0,12.0,7.0,12.0,-50.0,4.0,103.0,-84.0
2019-08-22,2019,8,22,80.0,10.0,-20.0,30.0,60.0,60.0,75.0,-8.0,-25.0,20.0,0.0,2.0,10.0,0.0,0.0,-4.0,2.0,-1.0,-18.0,2.0,-50.0,-80.0,-110.0,12.0,10.0,10.0,-290.0,100.0,-18.0,-1.0,10.0,9.0,-9.0,7.0,-11.0,7.0,0.0,-7.0,-114.0,103.0
2019-08-21,2019,8,21,10.0,-50.0,-50.0,-25.0,-60.0,-130.0,20.0,2.0,35.0,-50.0,25.0,-10.0,-60.0,-9.0,-5.0,-7.0,-5.0,7.0,22.0,-7.0,-150.0,140.0,30.0,4.0,-3.0,-60.0,30.0,-200.0,25.0,4.0,-100.0,-15.0,14.0,-13.0,0.0,-22.0,40.0,4.0,-171.0,-114.0
2019-08-20,2019,8,20,-40.0,60.0,90.0,50.0,80.0,80.0,-35.0,14.0,28.0,90.0,-55.0,11.0,70.0,14.0,8.0,5.0,9.0,-3.0,-25.0,12.0,100.0,90.0,180.0,4.0,3.0,70.0,-460.0,300.0,13.0,-26.0,70.0,18.0,-5.0,17.0,6.0,27.0,5.0,12.0,-14.0,-171.0
2019-08-19,2019,8,19,100.0,60.0,150.0,15.0,70.0,40.0,15.0,4.0,-8.0,140.0,-60.0,8.0,70.0,8.0,1.0,13.0,11.0,-10.0,-1.0,5.0,350.0,60.0,50.0,1.0,8.0,40.0,-510.0,450.0,-5.0,2.0,200.0,36.0,9.0,26.0,22.0,10.0,30.0,8.0,-45.0,-14.0
2019-08-16,2019,8,16,140.0,-130.0,50.0,-15.0,-10.0,-70.0,15.0,-7.0,-48.0,30.0,-20.0,2.0,40.0,1.0,26.0,5.0,9.0,5.0,-10.0,2.0,40.0,-150.0,-180.0,5.0,8.0,40.0,-40.0,100.0,1.0,7.0,60.0,14.0,10.0,13.0,19.0,7.0,25.0,-1.0,120.0,-45.0
2019-08-15,2019,8,15,50.0,50.0,-270.0,-75.0,-140.0,-80.0,-25.0,43.0,28.0,-230.0,105.0,-13.0,-140.0,-14.0,13.0,-12.0,-11.0,22.0,9.0,-14.0,-390.0,150.0,100.0,6.0,-18.0,-120.0,810.0,-850.0,11.0,16.0,-190.0,-67.0,1.0,-50.0,-48.0,-16.0,0.0,-11.0,68.0,120.0
2019-08-14,2019,8,14,-260.0,70.0,220.0,60.0,70.0,-290.0,-5.0,-70.0,-36.0,190.0,-95.0,10.0,100.0,11.0,6.0,3.0,11.0,-12.0,-6.0,9.0,250.0,-110.0,-260.0,-1.0,1.0,80.0,-570.0,750.0,1.0,-28.0,170.0,55.0,8.0,56.0,33.0,23.0,-80.0,4.0,48.0,68.0
2019-08-13,2019,8,13,200.0,-150.0,-240.0,-65.0,-110.0,-230.0,-40.0,71.0,-5.0,-230.0,115.0,-18.0,-170.0,-19.0,5.0,-10.0,-44.0,12.0,-31.0,-14.0,-550.0,0.0,70.0,0.0,-13.0,-150.0,730.0,-500.0,-4.0,0.0,-310.0,-39.0,1.0,-66.0,-32.0,-15.0,10.0,-6.0,20.0,48.0
2019-08-09,2019,8,9,-250.0,-260.0,60.0,30.0,70.0,-120.0,10.0,8.0,31.0,70.0,-30.0,6.0,40.0,4.0,6.0,6.0,-17.0,0.0,-20.0,5.0,50.0,100.0,-70.0,10.0,8.0,40.0,-330.0,150.0,4.0,0.0,0.0,19.0,1.0,17.0,5.0,6.0,-15.0,-3.0,125.0,20.0
2019-08-08,2019,8,8,80.0,40.0,90.0,45.0,40.0,-290.0,-30.0,-62.0,0.0,90.0,-40.0,-1.0,10.0,-17.0,-19.0,-16.0,-66.0,-3.0,-6.0,2.0,-200.0,20.0,-40.0,-8.0,2.0,10.0,-350.0,350.0,1.0,-10.0,-70.0,-19.0,-8.0,-2.0,2.0,2.0,200.0,1.0,122.0,125.0
2019-08-07,2019,8,7,-160.0,120.0,-60.0,-20.0,-30.0,30.0,-15.0,24.0,-6.0,-80.0,25.0,2.0,30.0,0.0,2.0,4.0,16.0,11.0,0.0,1.0,-150.0,-40.0,-80.0,21.0,15.0,20.0,-100.0,150.0,-7.0,0.0,-40.0,34.0,9.0,-2.0,1.0,10.0,-5.0,0.0,-67.0,122.0
2019-08-06,2019,8,6,-80.0,40.0,-130.0,-5.0,-10.0,50.0,-70.0,-27.0,-85.0,-110.0,55.0,-7.0,-30.0,-3.0,9.0,0.0,40.0,3.0,-4.0,-1.0,50.0,-270.0,-290.0,-13.0,-21.0,-40.0,800.0,-450.0,-17.0,0.0,-60.0,-36.0,15.0,-12.0,-16.0,-11.0,90.0,-4.0,-202.0,-67.0
2019-08-05,2019,8,5,-180.0,-300.0,-370.0,-115.0,-200.0,-20.0,-90.0,16.0,-101.0,-350.0,160.0,-24.0,-270.0,-32.0,-4.0,-19.0,-29.0,18.0,8.0,-22.0,-500.0,-360.0,-480.0,19.0,-5.0,-180.0,360.0,-850.0,-27.0,29.0,-430.0,-59.0,-4.0,-57.0,-64.0,-11.0,-20.0,-11.0,-155.0,-202.0
2019-08-02,2019,8,2,-320.0,-550.0,-420.0,-245.0,-330.0,120.0,-65.0,25.0,1.0,-450.0,180.0,-35.0,-290.0,-32.0,6.0,-25.0,-43.0,28.0,-3.0,-29.0,-750.0,-70.0,-150.0,22.0,-2.0,-270.0,330.0,-950.0,-3.0,0.0,-540.0,-68.0,-18.0,-58.0,-64.0,-26.0,-95.0,-13.0,-39.0,-155.0
2019-08-01,2019,8,1,-450.0,210.0,-30.0,110.0,80.0,-180.0,-25.0,-49.0,-70.0,-10.0,5.0,-3.0,-30.0,2.0,-4.0,-1.0,-5.0,0.0,-8.0,-2.0,50.0,-20.0,-90.0,-1.0,-3.0,0.0,490.0,-200.0,-9.0,-16.0,-70.0,-16.0,14.0,-16.0,-9.0,-1.0,205.0,5.0,4.0,-39.0
2019-07-31,2019,7,31,-20.0,90.0,-150.0,-150.0,-280.0,-70.0,10.0,15.0,10.0,-160.0,60.0,-8.0,-10.0,-14.0,3.0,-7.0,-12.0,1.0,0.0,-6.0,-100.0,110.0,100.0,-4.0,1.0,-30.0,200.0,-50.0,13.0,-32.0,-170.0,-5.0,6.0,-8.0,-16.0,7.0,-150.0,-1.0,-28.0,4.0
2019-07-30,2019,7,30,-190.0,-170.0,130.0,20.0,40.0,-140.0,-30.0,0.0,-10.0,110.0,-35.0,11.0,70.0,9.0,9.0,4.0,9.0,1.0,15.0,9.0,0.0,20.0,-140.0,0.0,-3.0,60.0,-70.0,50.0,-5.0,-58.0,50.0,3.0,-1.0,9.0,10.0,14.0,-215.0,6.0,-127.0,-28.0
2019-07-29,2019,7,29,120.0,30.0,-70.0,0.0,90.0,150.0,10.0,-5.0,2.0,-60.0,15.0,-6.0,-40.0,-4.0,-7.0,1.0,-15.0,-1.0,-2.0,-5.0,-250.0,-100.0,-90.0,6.0,2.0,-30.0,-30.0,50.0,-9.0,12.0,-170.0,7.0,0.0,1.0,-12.0,7.0,470.0,0.0,101.0,-127.0
2019-07-26,2019,7,26,-60.0,280.0,-140.0,-20.0,-130.0,0.0,0.0,-8.0,-10.0,-110.0,45.0,-7.0,-90.0,-7.0,12.0,0.0,-14.0,-3.0,13.0,-10.0,-100.0,130.0,110.0,-11.0,-1.0,-80.0,140.0,50.0,0.0,23.0,-160.0,3.0,8.0,-2.0,-5.0,-7.0,-50.0,-2.0,734.0,101.0
2019-07-25,2019,7,25,-140.0,-190.0,80.0,-20.0,60.0,0.0,0.0,12.0,4.0,80.0,-30.0,4.0,40.0,7.0,1.0,0.0,-2.0,3.0,-23.0,4.0,-200.0,-40.0,10.0,11.0,4.0,40.0,-200.0,200.0,14.0,-13.0,0.0,12.0,0.0,11.0,6.0,-16.0,5.0,3.0,2.0,734.0
2019-07-24,2019,7,24,90.0,250.0,40.0,50.0,0.0,10.0,-10.0,-9.0,23.0,70.0,-30.0,4.0,40.0,3.0,2.0,0.0,5.0,-3.0,0.0,-1.0,100.0,160.0,120.0,0.0,6.0,50.0,-190.0,150.0,-1.0,10.0,70.0,13.0,-3.0,8.0,-4.0,20.0,15.0,-2.0,73.0,2.0
2019-07-23,2019,7,23,60.0,-150.0,250.0,30.0,50.0,150.0,-20.0,-9.0,-10.0,210.0,-85.0,14.0,120.0,13.0,-4.0,6.0,14.0,3.0,-10.0,14.0,250.0,-40.0,-120.0,5.0,6.0,80.0,-180.0,200.0,-8.0,-8.0,180.0,12.0,4.0,8.0,6.0,2.0,0.0,3.0,-19.0,73.0
2019-07-22,2019,7,22,260.0,-130.0,-70.0,-30.0,-10.0,-60.0,40.0,36.0,30.0,-60.0,25.0,-6.0,-90.0,-5.0,-4.0,-14.0,-4.0,-5.0,-1.0,-13.0,-100.0,270.0,340.0,0.0,-5.0,-70.0,250.0,-200.0,7.0,0.0,-70.0,-12.0,6.0,-6.0,-15.0,-10.0,35.0,-5.0,41.0,-19.0
2019-07-19,2019,7,19,-90.0,-40.0,440.0,20.0,60.0,80.0,-50.0,3.0,-35.0,410.0,-185.0,30.0,290.0,30.0,3.0,32.0,33.0,4.0,13.0,32.0,400.0,-300.0,-400.0,3.0,2.0,240.0,-380.0,300.0,-1.0,0.0,370.0,23.0,-3.0,22.0,22.0,3.0,-50.0,13.0,38.0,41.0
2019-07-18,2019,7,18,450.0,40.0,-440.0,-65.0,-130.0,-20.0,5.0,12.0,-14.0,-440.0,180.0,-36.0,-300.0,-36.0,-9.0,-39.0,-36.0,7.0,0.0,-31.0,-800.0,-60.0,-30.0,16.0,-2.0,-250.0,310.0,-500.0,-13.0,3.0,-440.0,-37.0,1.0,-30.0,-17.0,-22.0,70.0,-14.0,-59.0,38.0
2019-07-17,2019,7,17,-460.0,-10.0,-70.0,-5.0,10.0,-10.0,-10.0,-32.0,-20.0,-60.0,30.0,-1.0,-10.0,-3.0,8.0,-1.0,-1.0,-2.0,-7.0,0.0,0.0,-20.0,-90.0,-7.0,-8.0,0.0,20.0,-50.0,1.0,9.0,-100.0,-4.0,3.0,-4.0,1.0,3.0,-70.0,0.0,-4.0,-59.0
2019-07-16,2019,7,16,-70.0,-50.0,-130.0,10.0,0.0,80.0,0.0,8.0,20.0,-130.0,55.0,-7.0,-60.0,-6.0,13.0,-10.0,-6.0,10.0,9.0,-5.0,-150.0,-100.0,-30.0,-1.0,5.0,-50.0,-180.0,0.0,12.0,11.0,-40.0,2.0,2.0,-8.0,-2.0,-9.0,10.0,0.0,24.0,-4.0
2019-07-12,2019,7,12,-130.0,-70.0,30.0,-10.0,0.0,90.0,0.0,-17.0,-17.0,20.0,-20.0,-3.0,-30.0,-4.0,-7.0,2.0,1.0,-16.0,-9.0,-2.0,-50.0,120.0,90.0,-10.0,-5.0,-20.0,-40.0,200.0,-15.0,-11.0,-30.0,9.0,-10.0,12.0,-3.0,-23.0,-5.0,-13.0,9.0,24.0
2019-07-11,2019,7,11,20.0,-20.0,90.0,10.0,0.0,150.0,45.0,9.0,-1.0,90.0,-30.0,5.0,60.0,10.0,11.0,2.0,5.0,5.0,9.0,7.0,100.0,50.0,30.0,6.0,6.0,60.0,-400.0,50.0,-8.0,-19.0,60.0,2.0,-13.0,-3.0,10.0,2.0,135.0,0.0,-20.0,9.0
2019-07-10,2019,7,10,80.0,30.0,0.0,-10.0,-30.0,70.0,10.0,10.0,18.0,20.0,-10.0,-1.0,-20.0,-4.0,4.0,3.0,-1.0,-4.0,25.0,1.0,-100.0,-90.0,0.0,-4.0,-4.0,-10.0,-120.0,50.0,5.0,-10.0,-60.0,12.0,-5.0,6.0,13.0,9.0,-140.0,7.0,66.0,-20.0
2019-07-09,2019,7,9,20.0,10.0,20.0,10.0,0.0,-100.0,-35.0,-40.0,-30.0,0.0,0.0,-4.0,-30.0,-6.0,18.0,-1.0,-8.0,-41.0,9.0,-1.0,50.0,-130.0,-150.0,-29.0,-34.0,-20.0,250.0,50.0,-4.0,11.0,-60.0,1.0,-5.0,-1.0,2.0,7.0,10.0,-4.0,0.0,66.0
2019-07-08,2019,7,8,30.0,320.0,-200.0,-20.0,-70.0,-150.0,35.0,10.0,0.0,-170.0,65.0,-13.0,-120.0,-11.0,-13.0,-14.0,-6.0,-5.0,-4.0,-13.0,-100.0,-10.0,30.0,-19.0,-9.0,-90.0,240.0,-100.0,-7.0,28.0,-80.0,-10.0,-4.0,-5.0,-30.0,-10.0,-10.0,-10.0,-67.0,0.0
2019-07-05,2019,7,5,-190.0,-70.0,40.0,0.0,20.0,10.0,40.0,14.0,1.0,30.0,-10.0,2.0,20.0,2.0,6.0,1.0,9.0,16.0,-4.0,3.0,50.0,10.0,110.0,3.0,-1.0,30.0,-20.0,100.0,-9.0,28.0,0.0,5.0,6.0,7.0,4.0,4.0,0.0,4.0,-44.0,-67.0
2019-07-04,2019,7,4,30.0,140.0,-160.0,50.0,80.0,-190.0,-30.0,-11.0,8.0,70.0,-30.0,-6.0,-50.0,12.0,7.0,10.0,10.0,3.0,-3.0,-7.0,-100.0,-80.0,-70.0,-2.0,3.0,-70.0,-110.0,200.0,-9.0,-20.0,130.0,19.0,-5.0,10.0,10.0,21.0,110.0,4.0,56.0,-44.0
2019-07-03,2019,7,3,80.0,-100.0,-120.0,-25.0,-60.0,80.0,-20.0,6.0,1.0,-130.0,50.0,-11.0,-110.0,-13.0,8.0,-4.0,-16.0,8.0,-7.0,-12.0,-300.0,130.0,50.0,12.0,10.0,-90.0,-310.0,-100.0,21.0,3.0,-260.0,-6.0,1.0,-4.0,-20.0,13.0,-40.0,-4.0,4.0,56.0
2019-07-02,2019,7,2,-120.0,-30.0,-10.0,-25.0,-10.0,10.0,20.0,13.0,30.0,-10.0,5.0,2.0,30.0,7.0,13.0,9.0,6.0,2.0,-1.0,4.0,200.0,330.0,380.0,13.0,1.0,0.0,-50.0,-100.0,32.0,20.0,70.0,-9.0,5.0,-2.0,-7.0,-1.0,-70.0,6.0,223.0,4.0
2019-07-01,2019,7,1,-10.0,90.0,510.0,95.0,140.0,-190.0,-10.0,-2.0,0.0,490.0,-210.0,33.0,320.0,32.0,12.0,25.0,38.0,-3.0,24.0,36.0,600.0,30.0,20.0,5.0,4.0,290.0,-440.0,700.0,0.0,13.0,500.0,49.0,9.0,31.0,40.0,27.0,5.0,15.0,28.0,223.0
2019-06-28,2019,6,28,510.0,-140.0,-80.0,-25.0,-10.0,-100.0,70.0,8.0,20.0,-70.0,25.0,-3.0,-10.0,-2.0,6.0,-4.0,-5.0,12.0,-8.0,0.0,-100.0,150.0,80.0,12.0,6.0,-20.0,-90.0,0.0,9.0,-1.0,-40.0,-3.0,7.0,-1.0,-11.0,0.0,5.0,2.0,-22.0,28.0
2019-06-27,2019,6,27,-70.0,40.0,200.0,10.0,0.0,150.0,-25.0,1.0,0.0,230.0,-105.0,24.0,150.0,20.0,-16.0,10.0,25.0,-12.0,-5.0,12.0,400.0,-100.0,-10.0,-5.0,4.0,120.0,-110.0,150.0,6.0,3.0,280.0,17.0,-1.0,15.0,36.0,-7.0,100.0,4.0,36.0,-22.0
2019-06-26,2019,6,26,230.0,250.0,-10.0,0.0,60.0,-10.0,95.0,-8.0,-10.0,-70.0,35.0,-10.0,-60.0,-7.0,1.0,-6.0,-5.0,-3.0,4.0,-8.0,-100.0,-80.0,-40.0,-14.0,-13.0,-40.0,70.0,-50.0,-15.0,-6.0,-40.0,-7.0,10.0,-1.0,3.0,-16.0,-45.0,0.0,-104.0,36.0
2019-06-25,2019,6,25,-60.0,-190.0,-140.0,0.0,-50.0,40.0,-100.0,0.0,10.0,-100.0,45.0,-6.0,-70.0,-4.0,17.0,-4.0,-5.0,8.0,-20.0,-7.0,-200.0,60.0,10.0,10.0,2.0,-70.0,140.0,-250.0,-10.0,-17.0,-100.0,-20.0,3.0,-18.0,-24.0,-20.0,-70.0,-9.0,48.0,-104.0
2019-06-24,2019,6,24,-110.0,30.0,20.0,20.0,50.0,70.0,20.0,12.0,-40.0,40.0,-20.0,3.0,60.0,2.0,-9.0,1.0,0.0,-6.0,8.0,8.0,150.0,-120.0,-160.0,-3.0,-4.0,50.0,-30.0,50.0,0.0,0.0,70.0,13.0,-2.0,7.0,10.0,0.0,0.0,4.0,46.0,48.0
2019-06-21,2019,6,21,20.0,90.0,-180.0,0.0,60.0,-70.0,-20.0,17.0,39.0,-220.0,90.0,-14.0,-170.0,-15.0,-10.0,-15.0,-4.0,-6.0,1.0,-16.0,-100.0,30.0,-20.0,4.0,9.0,-130.0,230.0,-150.0,17.0,-2.0,-80.0,-7.0,-16.0,0.0,-3.0,-15.0,25.0,-15.0,-86.0,46.0
2019-06-20,2019,6,20,-200.0,-160.0,80.0,30.0,20.0,-60.0,15.0,14.0,23.0,110.0,-45.0,3.0,40.0,4.0,17.0,8.0,0.0,17.0,20.0,-1.0,50.0,270.0,280.0,20.0,13.0,20.0,-460.0,0.0,6.0,10.0,30.0,0.0,0.0,-2.0,6.0,15.0,10.0,12.0,36.0,-86.0
2019-06-19,2019,6,19,110.0,-50.0,440.0,55.0,-30.0,-120.0,85.0,-3.0,-11.0,380.0,-175.0,32.0,280.0,29.0,2.0,19.0,28.0,0.0,9.0,26.0,650.0,-180.0,-130.0,10.0,5.0,230.0,-110.0,350.0,8.0,10.0,390.0,25.0,0.0,26.0,45.0,-9.0,5.0,-2.0,-64.0,36.0
2019-06-18,2019,6,18,390.0,60.0,-230.0,-25.0,-40.0,-30.0,25.0,-10.0,-6.0,-180.0,80.0,-15.0,-140.0,-12.0,-2.0,-15.0,-9.0,5.0,-2.0,-11.0,-300.0,-120.0,-120.0,8.0,0.0,-110.0,-50.0,-150.0,5.0,-1.0,-130.0,-12.0,1.0,-14.0,-4.0,4.0,65.0,-8.0,67.0,-64.0
2019-06-17,2019,6,17,-170.0,230.0,50.0,-5.0,-40.0,-220.0,-55.0,7.0,-15.0,30.0,-15.0,-7.0,-40.0,-6.0,2.0,-8.0,-1.0,-4.0,27.0,-5.0,-100.0,150.0,110.0,-5.0,-5.0,-30.0,-120.0,100.0,0.0,11.0,-120.0,7.0,1.0,8.0,-7.0,12.0,0.0,1.0,-8.0,67.0
2019-06-14,2019,6,14,30.0,60.0,90.0,-15.0,20.0,-20.0,-60.0,10.0,-9.0,100.0,-45.0,8.0,100.0,7.0,8.0,7.0,3.0,5.0,-1.0,5.0,50.0,-250.0,-210.0,6.0,4.0,70.0,-80.0,200.0,-5.0,-15.0,10.0,14.0,3.0,13.0,0.0,12.0,15.0,13.0,49.0,-8.0
2019-06-13,2019,6,13,90.0,220.0,-140.0,10.0,150.0,-100.0,20.0,-13.0,9.0,-130.0,60.0,-16.0,-170.0,-15.0,4.0,-10.0,-18.0,5.0,-10.0,-15.0,-300.0,50.0,-30.0,0.0,-4.0,-150.0,-130.0,-50.0,0.0,4.0,-220.0,-5.0,2.0,-3.0,-9.0,4.0,-65.0,-6.0,-131.0,49.0
2019-06-12,2019,6,12,-140.0,-10.0,-60.0,0.0,70.0,0.0,80.0,0.0,8.0,-70.0,30.0,-5.0,-40.0,-9.0,1.0,-1.0,-5.0,3.0,-21.0,0.0,-50.0,20.0,60.0,-1.0,-4.0,-30.0,120.0,-200.0,-8.0,1.0,-50.0,-12.0,-1.0,-21.0,-12.0,-10.0,0.0,-5.0,-10.0,-131.0
2019-06-11,2019,6,11,-60.0,-170.0,80.0,75.0,-50.0,0.0,95.0,34.0,20.0,90.0,-40.0,6.0,40.0,8.0,4.0,-2.0,13.0,0.0,-9.0,4.0,100.0,190.0,190.0,6.0,4.0,60.0,-30.0,100.0,9.0,-40.0,180.0,7.0,-5.0,17.0,22.0,5.0,-25.0,10.0,51.0,-10.0
2019-06-10,2019,6,10,90.0,-100.0,240.0,10.0,160.0,10.0,-5.0,11.0,12.0,200.0,-100.0,23.0,220.0,22.0,-5.0,19.0,10.0,-1.0,-13.0,22.0,200.0,110.0,30.0,2.0,8.0,160.0,40.0,450.0,-2.0,5.0,140.0,30.0,3.0,29.0,27.0,0.0,65.0,5.0,173.0,51.0
2019-06-07,2019,6,7,240.0,-20.0,110.0,5.0,80.0,-30.0,-40.0,9.0,19.0,130.0,-65.0,5.0,20.0,8.0,15.0,2.0,8.0,-2.0,0.0,4.0,250.0,-50.0,0.0,-2.0,5.0,60.0,-190.0,450.0,3.0,15.0,100.0,28.0,6.0,20.0,9.0,13.0,-70.0,5.0,-3.0,173.0
2019-06-06,2019,6,6,120.0,-160.0,0.0,80.0,-80.0,0.0,20.0,-9.0,41.0,-10.0,0.0,-2.0,-10.0,-5.0,16.0,4.0,-3.0,0.0,11.0,0.0,0.0,310.0,300.0,4.0,7.0,-40.0,-90.0,100.0,3.0,-10.0,-80.0,12.0,2.0,8.0,-10.0,42.0,0.0,-14.0,31.0,-3.0
2019-06-05,2019,6,5,0.0,-40.0,400.0,30.0,-130.0,-20.0,30.0,36.0,10.0,360.0,-175.0,30.0,270.0,32.0,-7.0,25.0,31.0,-2.0,-1.0,29.0,300.0,40.0,60.0,6.0,26.0,210.0,-500.0,630.0,2.0,21.0,400.0,47.0,1.0,37.0,11.0,-1.0,140.0,22.0,35.0,31.0
2019-06-04,2019,6,4,410.0,30.0,-10.0,-35.0,10.0,110.0,-120.0,-6.0,-39.0,10.0,-10.0,2.0,30.0,-1.0,4.0,-8.0,8.0,2.0,-8.0,0.0,250.0,-240.0,-100.0,1.0,8.0,40.0,-210.0,70.0,-12.0,9.0,190.0,4.0,8.0,5.0,-7.0,3.0,-140.0,-4.0,25.0,35.0
2019-06-03,2019,6,3,10.0,70.0,-190.0,-60.0,-150.0,-30.0,-50.0,-19.0,-28.0,-180.0,95.0,-16.0,-170.0,-12.0,-15.0,-5.0,-15.0,7.0,-4.0,-15.0,-250.0,-60.0,-140.0,13.0,-14.0,-80.0,0.0,-550.0,-6.0,-10.0,-260.0,-37.0,-10.0,-28.0,7.0,-9.0,0.0,-19.0,-12.0,25.0
2019-05-31,2019,5,31,-230.0,-160.0,-400.0,-20.0,30.0,-30.0,0.0,-7.0,-18.0,-340.0,150.0,-18.0,-140.0,-21.0,-30.0,-13.0,-29.0,19.0,2.0,-15.0,-500.0,-100.0,-60.0,16.0,-2.0,-180.0,290.0,-400.0,0.0,-9.0,-270.0,-30.0,4.0,-22.0,-8.0,-15.0,145.0,-2.0,-126.0,-12.0
2019-05-30,2019,5,30,-340.0,30.0,-10.0,-55.0,60.0,-10.0,-90.0,-23.0,-35.0,-50.0,35.0,-5.0,-50.0,-5.0,-2.0,-13.0,7.0,-4.0,-2.0,-8.0,50.0,-110.0,-150.0,-13.0,-5.0,-20.0,140.0,0.0,0.0,19.0,40.0,1.0,0.0,-13.0,19.0,-22.0,15.0,-9.0,-22.0,-126.0
2019-05-29,2019,5,29,-70.0,20.0,-260.0,5.0,-80.0,90.0,5.0,9.0,5.0,-270.0,105.0,-15.0,-180.0,-14.0,15.0,-13.0,-12.0,9.0,23.0,-17.0,-200.0,40.0,20.0,10.0,-8.0,-140.0,420.0,-550.0,0.0,30.0,-170.0,-37.0,9.0,-25.0,-15.0,-29.0,20.0,-1.0,-137.0,-22.0
2019-05-28,2019,5,28,-280.0,180.0,70.0,50.0,-50.0,140.0,85.0,9.0,36.0,70.0,-25.0,3.0,60.0,3.0,-7.0,-7.0,7.0,4.0,-4.0,4.0,150.0,100.0,50.0,-1.0,3.0,50.0,-90.0,100.0,0.0,10.0,80.0,6.0,1.0,11.0,9.0,6.0,0.0,19.0,113.0,-137.0
2019-05-27,2019,5,27,80.0,-90.0,110.0,-55.0,40.0,90.0,-90.0,-9.0,-41.0,80.0,-35.0,6.0,80.0,8.0,-2.0,7.0,5.0,2.0,3.0,8.0,150.0,50.0,50.0,6.0,-7.0,50.0,-40.0,50.0,-9.0,-9.0,70.0,1.0,-15.0,-1.0,1.0,0.0,0.0,7.0,76.0,113.0
2019-05-24,2019,5,24,90.0,20.0,-70.0,-30.0,-50.0,130.0,-60.0,10.0,-20.0,-30.0,15.0,3.0,10.0,-2.0,-4.0,3.0,-5.0,5.0,-10.0,-1.0,-150.0,-120.0,-10.0,-3.0,-3.0,10.0,140.0,-350.0,-3.0,19.0,-40.0,-28.0,9.0,-19.0,-14.0,-5.0,0.0,-3.0,33.0,76.0
2019-05-23,2019,5,23,-50.0,-170.0,-140.0,10.0,-20.0,-50.0,50.0,5.0,0.0,-140.0,60.0,-8.0,-60.0,-4.0,17.0,9.0,-11.0,11.0,-4.0,-6.0,-200.0,30.0,30.0,9.0,3.0,-70.0,30.0,-200.0,-12.0,-10.0,-150.0,-16.0,0.0,-19.0,-20.0,-1.0,20.0,-1.0,-183.0,33.0
2019-05-22,2019,5,22,-160.0,180.0,20.0,-60.0,130.0,50.0,-50.0,-9.0,-30.0,10.0,-5.0,-2.0,-40.0,-5.0,-7.0,-10.0,0.0,-4.0,7.0,-2.0,0.0,-90.0,-70.0,-2.0,4.0,-10.0,-120.0,100.0,1.0,10.0,10.0,11.0,8.0,15.0,3.0,15.0,-40.0,10.0,-39.0,-183.0
2019-05-21,2019,5,21,40.0,-90.0,-60.0,50.0,-20.0,-300.0,10.0,18.0,20.0,-50.0,20.0,-6.0,-50.0,-5.0,-5.0,-6.0,1.0,0.0,-15.0,-6.0,0.0,-60.0,50.0,-6.0,-3.0,-50.0,-50.0,-150.0,-8.0,0.0,-40.0,-11.0,-3.0,-14.0,7.0,-17.0,70.0,-2.0,147.0,-39.0
2019-05-20,2019,5,20,-70.0,-180.0,60.0,50.0,70.0,110.0,35.0,33.0,25.0,60.0,-30.0,-1.0,-20.0,2.0,25.0,9.0,3.0,-4.0,-30.0,2.0,100.0,210.0,130.0,-2.0,3.0,10.0,-120.0,200.0,-3.0,10.0,20.0,13.0,7.0,15.0,8.0,10.0,-10.0,-11.0,63.0,147.0
2019-05-17,2019,5,17,80.0,-240.0,240.0,10.0,-140.0,90.0,5.0,3.0,4.0,210.0,-90.0,19.0,210.0,15.0,3.0,19.0,13.0,-6.0,-3.0,22.0,150.0,-110.0,-10.0,2.0,7.0,160.0,-380.0,300.0,-25.0,0.0,100.0,22.0,1.0,17.0,-24.0,16.0,-95.0,9.0,40.0,63.0
2019-05-16,2019,5,16,190.0,-170.0,-170.0,30.0,40.0,130.0,-5.0,0.0,10.0,-130.0,55.0,-6.0,-80.0,-4.0,9.0,10.0,-7.0,8.0,8.0,-7.0,-200.0,180.0,-60.0,8.0,-8.0,-60.0,-130.0,-100.0,-5.0,2.0,-90.0,-6.0,3.0,-6.0,-22.0,9.0,65.0,-8.0,-31.0,40.0
2019-05-15,2019,5,15,-110.0,-10.0,120.0,-65.0,-30.0,-160.0,-45.0,-10.0,-29.0,100.0,-45.0,11.0,130.0,6.0,13.0,0.0,5.0,-1.0,-7.0,5.0,50.0,-100.0,-40.0,6.0,10.0,50.0,-300.0,300.0,0.0,8.0,-10.0,20.0,9.0,14.0,21.0,8.0,55.0,7.0,122.0,-31.0
2019-05-14,2019,5,14,0.0,80.0,-120.0,-30.0,-30.0,280.0,0.0,20.0,-1.0,-100.0,50.0,-8.0,-110.0,-5.0,7.0,-7.0,0.0,6.0,20.0,-8.0,-250.0,-120.0,-140.0,-7.0,-13.0,-60.0,470.0,-300.0,-25.0,5.0,-60.0,-28.0,-4.0,-23.0,-21.0,-5.0,-125.0,-7.0,41.0,122.0
2019-05-13,2019,5,13,-10.0,-90.0,-160.0,10.0,-180.0,-80.0,-10.0,-26.0,-29.0,-170.0,65.0,-11.0,-10.0,-8.0,-3.0,-5.0,-5.0,2.0,-13.0,4.0,-100.0,-30.0,10.0,-2.0,-6.0,10.0,-250.0,-200.0,-5.0,15.0,-220.0,-9.0,0.0,-1.0,-27.0,17.0,0.0,-14.0,-31.0,41.0
2019-05-10,2019,5,10,-190.0,20.0,-70.0,-75.0,30.0,-180.0,10.0,-2.0,-9.0,-60.0,30.0,1.0,-70.0,-1.0,12.0,1.0,-5.0,3.0,-1.0,-4.0,-50.0,-180.0,-290.0,0.0,3.0,-70.0,-250.0,-100.0,10.0,-1.0,-80.0,-6.0,-2.0,-6.0,-3.0,1.0,0.0,-6.0,50.0,-31.0
2019-05-09,2019,5,9,-60.0,20.0,-170.0,-20.0,-150.0,70.0,65.0,-27.0,-53.0,-180.0,65.0,-18.0,-130.0,-22.0,-7.0,-19.0,-31.0,-4.0,-13.0,-10.0,-450.0,-250.0,-260.0,-4.0,-4.0,-70.0,460.0,-250.0,-4.0,-3.0,-340.0,-18.0,4.0,-22.0,-37.0,-13.0,-5.0,-13.0,-112.0,50.0
2019-05-08,2019,5,8,-160.0,-150.0,-330.0,-20.0,-50.0,30.0,-65.0,-20.0,-28.0,-330.0,130.0,-30.0,-260.0,-25.0,-8.0,-28.0,-37.0,2.0,-2.0,-27.0,-500.0,-90.0,-110.0,3.0,0.0,-200.0,700.0,-450.0,-4.0,3.0,-480.0,-30.0,-15.0,-26.0,-21.0,-37.0,0.0,-13.0,-44.0,-112.0
2019-05-07,2019,5,7,-360.0,80.0,-340.0,-45.0,0.0,-80.0,-10.0,13.0,-3.0,-340.0,130.0,-22.0,-210.0,-22.0,-15.0,-6.0,-27.0,15.0,5.0,-4.0,-600.0,-60.0,-40.0,-5.0,-7.0,-120.0,380.0,-400.0,3.0,5.0,-340.0,-29.0,-7.0,-20.0,-38.0,-3.0,0.0,5.0,-740.0,-44.0
2019-04-26,2019,4,26,-340.0,-40.0,-70.0,-5.0,30.0,80.0,10.0,3.0,-25.0,-70.0,25.0,0.0,-20.0,0.0,-6.0,-1.0,-2.0,-5.0,16.0,-5.0,0.0,140.0,120.0,6.0,-6.0,-40.0,220.0,-100.0,13.0,0.0,-60.0,-9.0,0.0,-18.0,-18.0,-3.0,0.0,0.0,111.0,-740.0
2019-04-25,2019,4,25,-50.0,220.0,150.0,-20.0,-20.0,30.0,0.0,-1.0,12.0,130.0,-55.0,7.0,80.0,6.0,8.0,12.0,2.0,2.0,-6.0,7.0,150.0,-90.0,-180.0,7.0,1.0,80.0,110.0,100.0,11.0,13.0,60.0,3.0,10.0,-1.0,-11.0,27.0,-70.0,9.0,70.0,111.0
2019-04-24,2019,4,24,130.0,-130.0,-60.0,-20.0,0.0,10.0,0.0,-10.0,-13.0,-50.0,25.0,-12.0,-90.0,-11.0,-2.0,-14.0,-20.0,7.0,3.0,-7.0,-400.0,-10.0,90.0,0.0,0.0,-80.0,0.0,250.0,-23.0,-6.0,-260.0,14.0,-13.0,10.0,-3.0,22.0,-45.0,0.0,-59.0,70.0
2019-04-23,2019,4,23,-80.0,-30.0,10.0,15.0,10.0,-10.0,-40.0,15.0,9.0,20.0,-5.0,4.0,30.0,4.0,4.0,9.0,6.0,-4.0,-16.0,4.0,150.0,30.0,0.0,1.0,-1.0,30.0,-240.0,-50.0,2.0,3.0,40.0,5.0,-1.0,-3.0,-2.0,-27.0,0.0,-3.0,13.0,-59.0
2019-04-22,2019,4,22,30.0,-10.0,50.0,25.0,60.0,-30.0,0.0,-15.0,0.0,40.0,-15.0,5.0,40.0,4.0,12.0,12.0,-2.0,-9.0,-4.0,5.0,-100.0,40.0,-80.0,0.0,-6.0,50.0,20.0,150.0,2.0,9.0,-80.0,-3.0,14.0,1.0,-7.0,-23.0,-15.0,-4.0,24.0,13.0
2019-04-19,2019,4,19,50.0,-40.0,110.0,-5.0,60.0,80.0,-10.0,-10.0,-9.0,110.0,-45.0,3.0,10.0,2.0,2.0,-8.0,-2.0,9.0,0.0,-3.0,-100.0,-250.0,-280.0,-6.0,8.0,-10.0,-240.0,100.0,-5.0,0.0,10.0,14.0,-3.0,10.0,9.0,25.0,185.0,9.0,-53.0,24.0
2019-04-18,2019,4,18,120.0,30.0,-190.0,10.0,60.0,80.0,50.0,0.0,-9.0,-210.0,75.0,-21.0,-160.0,-17.0,4.0,-16.0,-8.0,8.0,-46.0,-12.0,-200.0,90.0,50.0,5.0,-7.0,-120.0,240.0,-300.0,6.0,-1.0,-170.0,-20.0,-5.0,-7.0,-18.0,-4.0,15.0,-12.0,-129.0,-53.0
2019-04-17,2019,4,17,-210.0,-10.0,50.0,15.0,-90.0,20.0,0.0,17.0,18.0,60.0,-30.0,7.0,60.0,3.0,-6.0,-5.0,8.0,-12.0,35.0,2.0,300.0,-30.0,-20.0,-11.0,-4.0,60.0,-60.0,150.0,9.0,8.0,130.0,1.0,-10.0,1.0,16.0,-52.0,-15.0,12.0,45.0,-129.0
2019-04-16,2019,4,16,50.0,30.0,50.0,30.0,40.0,80.0,0.0,-11.0,10.0,50.0,-10.0,-2.0,-40.0,-1.0,7.0,-3.0,9.0,3.0,10.0,-2.0,0.0,270.0,230.0,2.0,6.0,-20.0,-150.0,-50.0,4.0,0.0,30.0,6.0,-3.0,0.0,-6.0,-10.0,0.0,-3.0,11.0,45.0
2019-04-15,2019,4,15,70.0,90.0,320.0,45.0,-20.0,80.0,0.0,14.0,2.0,310.0,-125.0,24.0,220.0,24.0,-1.0,17.0,15.0,-12.0,10.0,19.0,400.0,10.0,-50.0,-3.0,0.0,160.0,-370.0,250.0,3.0,-5.0,310.0,13.0,-11.0,17.0,18.0,12.0,45.0,11.0,123.0,11.0
2019-04-12,2019,4,12,320.0,220.0,160.0,0.0,-10.0,100.0,40.0,-8.0,5.0,160.0,-65.0,-5.0,-60.0,-3.0,1.0,-9.0,-6.0,-4.0,-23.0,-6.0,-50.0,-20.0,-10.0,4.0,12.0,-40.0,-210.0,150.0,18.0,7.0,-80.0,15.0,10.0,12.0,-2.0,11.0,0.0,-7.0,17.0,123.0
2019-04-11,2019,4,11,150.0,-160.0,10.0,-5.0,30.0,-110.0,40.0,13.0,3.0,30.0,-5.0,3.0,40.0,0.0,3.0,4.0,1.0,6.0,-10.0,5.0,-100.0,-30.0,-90.0,0.0,-2.0,30.0,-230.0,150.0,-15.0,2.0,-80.0,7.0,4.0,3.0,-2.0,23.0,5.0,-7.0,28.0,17.0
2019-04-10,2019,4,10,20.0,40.0,-90.0,0.0,90.0,70.0,10.0,2.0,-9.0,-100.0,35.0,-10.0,-90.0,-12.0,1.0,-10.0,-14.0,1.0,28.0,-12.0,-300.0,-90.0,-100.0,8.0,-1.0,-80.0,240.0,-200.0,33.0,0.0,-160.0,-10.0,0.0,-4.0,0.0,-19.0,-20.0,2.0,50.0,28.0
2019-04-09,2019,4,9,-100.0,300.0,20.0,-25.0,80.0,60.0,-10.0,-20.0,1.0,10.0,0.0,-3.0,-20.0,-1.0,-10.0,-8.0,-3.0,-13.0,0.0,-3.0,-50.0,-80.0,-110.0,-24.0,-22.0,0.0,-80.0,50.0,4.0,-25.0,-110.0,4.0,-24.0,1.0,12.0,-13.0,10.0,0.0,89.0,50.0
2019-04-08,2019,4,8,20.0,-280.0,-30.0,35.0,90.0,110.0,10.0,3.0,4.0,-40.0,15.0,-7.0,-70.0,-5.0,4.0,-5.0,-17.0,4.0,-29.0,-6.0,-250.0,20.0,40.0,10.0,6.0,-60.0,-100.0,-50.0,-2.0,-18.0,-160.0,-5.0,14.0,-5.0,-9.0,9.0,0.0,14.0,-48.0,89.0
2019-04-05,2019,4,5,-30.0,10.0,70.0,20.0,40.0,-150.0,5.0,6.0,-5.0,100.0,-40.0,5.0,40.0,5.0,-6.0,3.0,12.0,-3.0,0.0,1.0,150.0,30.0,-350.0,0.0,2.0,30.0,-60.0,200.0,-5.0,-1.0,180.0,14.0,6.0,12.0,16.0,-3.0,-140.0,7.0,-172.0,-48.0
2019-04-04,2019,4,4,80.0,40.0,0.0,50.0,-30.0,90.0,5.0,14.0,39.0,10.0,-10.0,0.0,-20.0,0.0,-2.0,-6.0,6.0,-2.0,34.0,2.0,-350.0,100.0,20.0,-2.0,2.0,-10.0,150.0,-100.0,-9.0,-10.0,-160.0,-2.0,12.0,-4.0,2.0,1.0,70.0,-7.0,-18.0,-172.0
2019-04-03,2019,4,3,40.0,-10.0,210.0,10.0,40.0,70.0,10.0,19.0,26.0,190.0,-80.0,5.0,80.0,10.0,-2.0,1.0,9.0,-4.0,-45.0,2.0,-100.0,-30.0,20.0,-4.0,-1.0,80.0,-270.0,350.0,9.0,-12.0,-150.0,12.0,-15.0,17.0,11.0,14.0,-135.0,5.0,11.0,-18.0
2019-04-02,2019,4,2,190.0,40.0,0.0,70.0,40.0,-40.0,85.0,9.0,24.0,0.0,5.0,0.0,-20.0,-4.0,-6.0,-23.0,3.0,-4.0,0.0,-4.0,250.0,200.0,280.0,-5.0,-3.0,-10.0,100.0,50.0,0.0,1.0,190.0,13.0,0.0,10.0,16.0,14.0,145.0,-25.0,-13.0,11.0
2019-04-01,2019,4,1,-10.0,90.0,300.0,30.0,-240.0,-110.0,-45.0,3.0,2.0,290.0,-140.0,23.0,180.0,26.0,-17.0,21.0,32.0,-7.0,0.0,17.0,650.0,90.0,100.0,-1.0,9.0,190.0,-340.0,450.0,9.0,-19.0,430.0,32.0,9.0,26.0,32.0,-4.0,-70.0,-10.0,49.0,-13.0
2019-03-29,2019,3,29,320.0,20.0,170.0,-30.0,-70.0,170.0,0.0,2.0,-6.0,160.0,-70.0,13.0,110.0,8.0,-15.0,9.0,5.0,-9.0,20.0,12.0,0.0,-200.0,-250.0,-7.0,7.0,100.0,-310.0,350.0,0.0,0.0,120.0,24.0,-4.0,32.0,32.0,8.0,95.0,4.0,62.0,49.0
2019-03-28,2019,3,28,180.0,-160.0,-290.0,25.0,0.0,-100.0,-10.0,7.0,23.0,-310.0,130.0,-22.0,-180.0,-30.0,-6.0,-29.0,-25.0,12.0,0.0,-23.0,-450.0,120.0,30.0,13.0,-2.0,-190.0,260.0,-350.0,-9.0,21.0,-400.0,-33.0,3.0,-28.0,-35.0,-15.0,-45.0,-9.0,12.0,62.0
2019-03-27,2019,3,27,-350.0,280.0,100.0,25.0,30.0,-30.0,0.0,28.0,1.0,120.0,-50.0,3.0,20.0,12.0,33.0,5.0,2.0,8.0,-20.0,3.0,50.0,290.0,420.0,9.0,2.0,50.0,-350.0,300.0,0.0,9.0,130.0,21.0,20.0,24.0,23.0,40.0,5.0,18.0,-35.0,12.0
2019-03-26,2019,3,26,120.0,30.0,450.0,-170.0,70.0,140.0,-20.0,-48.0,-70.0,430.0,-210.0,43.0,400.0,40.0,11.0,44.0,43.0,1.0,15.0,38.0,750.0,-330.0,-380.0,-2.0,0.0,270.0,-220.0,150.0,1.0,-1.0,500.0,20.0,6.0,6.0,9.0,-9.0,0.0,12.0,133.0,-35.0
2019-03-25,2019,3,25,430.0,-110.0,-590.0,-20.0,40.0,110.0,40.0,0.0,-19.0,-580.0,260.0,-43.0,-380.0,-41.0,-11.0,-31.0,-37.0,12.0,26.0,-38.0,-800.0,80.0,0.0,6.0,-13.0,-260.0,930.0,-850.0,5.0,-19.0,-570.0,-57.0,-7.0,-61.0,-61.0,-3.0,95.0,-10.0,-38.0,133.0
2019-03-22,2019,3,22,-580.0,-110.0,-50.0,20.0,90.0,-90.0,20.0,-1.0,8.0,-50.0,20.0,1.0,30.0,4.0,1.0,-6.0,3.0,12.0,0.0,2.0,0.0,40.0,-40.0,17.0,13.0,-70.0,80.0,100.0,-7.0,10.0,70.0,3.0,7.0,-2.0,-14.0,36.0,-40.0,-4.0,16.0,-38.0
2019-03-20,2019,3,20,-40.0,0.0,10.0,-10.0,60.0,30.0,-10.0,-5.0,11.0,40.0,-15.0,3.0,0.0,3.0,9.0,0.0,-1.0,-1.0,7.0,3.0,0.0,0.0,-10.0,3.0,-6.0,0.0,60.0,-50.0,-22.0,2.0,-30.0,0.0,-1.0,7.0,3.0,-11.0,-100.0,7.0,58.0,16.0
2019-03-19,2019,3,19,40.0,-110.0,-10.0,60.0,70.0,100.0,30.0,-1.0,20.0,-20.0,5.0,-1.0,0.0,-3.0,5.0,-8.0,3.0,-3.0,9.0,-1.0,50.0,140.0,120.0,-3.0,0.0,20.0,-10.0,100.0,-6.0,-11.0,90.0,0.0,-3.0,1.0,7.0,-25.0,-45.0,-10.0,129.0,58.0
2019-03-18,2019,3,18,-20.0,130.0,100.0,30.0,-210.0,-30.0,65.0,36.0,20.0,100.0,-50.0,8.0,70.0,10.0,6.0,4.0,12.0,10.0,-15.0,5.0,200.0,70.0,90.0,-1.0,-2.0,40.0,-280.0,150.0,0.0,10.0,140.0,10.0,4.0,14.0,15.0,-9.0,20.0,16.0,88.0,129.0
2019-03-15,2019,3,15,120.0,-90.0,190.0,55.0,40.0,100.0,-35.0,20.0,30.0,150.0,-75.0,13.0,110.0,13.0,11.0,17.0,15.0,-4.0,0.0,12.0,400.0,-60.0,0.0,8.0,11.0,90.0,-150.0,0.0,29.0,-3.0,190.0,6.0,-1.0,3.0,14.0,13.0,-35.0,-3.0,17.0,88.0
2019-03-14,2019,3,14,160.0,-30.0,20.0,-40.0,-80.0,190.0,-30.0,-10.0,-30.0,30.0,-10.0,4.0,50.0,-1.0,15.0,1.0,-4.0,-4.0,-21.0,4.0,-100.0,-110.0,-180.0,1.0,8.0,20.0,-170.0,100.0,-9.0,-8.0,-60.0,23.0,0.0,21.0,3.0,13.0,-95.0,-7.0,-62.0,17.0
2019-03-13,2019,3,13,20.0,110.0,-210.0,55.0,70.0,-90.0,5.0,13.0,50.0,-230.0,100.0,-18.0,-190.0,-15.0,5.0,-17.0,-15.0,10.0,-1.0,-17.0,-350.0,190.0,260.0,7.0,-3.0,-140.0,-90.0,50.0,11.0,-9.0,-220.0,1.0,9.0,-9.0,-8.0,5.0,135.0,1.0,-64.0,-62.0
2019-03-12,2019,3,12,-230.0,-40.0,390.0,25.0,50.0,140.0,-5.0,8.0,0.0,380.0,-185.0,25.0,240.0,24.0,-1.0,23.0,25.0,-5.0,1.0,20.0,500.0,10.0,140.0,-1.0,12.0,210.0,-760.0,500.0,3.0,16.0,330.0,34.0,4.0,36.0,33.0,29.0,-30.0,14.0,82.0,-64.0
2019-03-11,2019,3,11,400.0,0.0,110.0,-85.0,50.0,-90.0,0.0,-38.0,-40.0,110.0,-45.0,11.0,100.0,11.0,18.0,9.0,6.0,-1.0,-20.0,9.0,150.0,-330.0,-300.0,-3.0,-4.0,70.0,-130.0,50.0,15.0,-22.0,180.0,6.0,0.0,9.0,14.0,9.0,20.0,15.0,49.0,82.0
2019-03-08,2019,3,8,100.0,30.0,-430.0,-15.0,-10.0,-80.0,30.0,5.0,10.0,-420.0,180.0,-28.0,-230.0,-31.0,-11.0,-22.0,-31.0,9.0,-20.0,-22.0,-600.0,-160.0,-140.0,6.0,-6.0,-200.0,290.0,-450.0,30.0,20.0,-460.0,-28.0,-13.0,-39.0,-44.0,-20.0,-20.0,-22.0,-20.0,49.0
2019-03-07,2019,3,7,-430.0,40.0,-170.0,-25.0,40.0,0.0,-30.0,-7.0,0.0,-180.0,70.0,-16.0,-140.0,-14.0,-8.0,-5.0,-16.0,9.0,59.0,-10.0,-250.0,10.0,-50.0,0.0,-1.0,-120.0,280.0,-150.0,2.0,-2.0,-330.0,-16.0,10.0,-11.0,-20.0,-19.0,20.0,-12.0,-143.0,-20.0
2019-03-06,2019,3,6,-170.0,10.0,-150.0,-20.0,40.0,-150.0,40.0,-10.0,-20.0,-80.0,40.0,-2.0,-20.0,-1.0,-6.0,-6.0,-7.0,-2.0,-2.0,-4.0,-200.0,-130.0,-130.0,5.0,-2.0,-40.0,200.0,-150.0,8.0,26.0,-30.0,-10.0,-3.0,1.0,18.0,7.0,0.0,-6.0,27.0,-143.0
2019-03-05,2019,3,5,-150.0,80.0,-90.0,50.0,-60.0,-30.0,0.0,20.0,10.0,-120.0,60.0,-12.0,-110.0,-12.0,10.0,-1.0,-15.0,-4.0,-18.0,-6.0,-200.0,90.0,60.0,9.0,-6.0,-70.0,300.0,-250.0,10.0,-1.0,-130.0,-20.0,12.0,-19.0,-7.0,6.0,0.0,5.0,-97.0,27.0
2019-03-04,2019,3,4,-80.0,160.0,220.0,55.0,60.0,-150.0,30.0,10.0,10.0,220.0,-95.0,10.0,90.0,13.0,5.0,-3.0,8.0,5.0,-40.0,5.0,200.0,50.0,20.0,-3.0,4.0,70.0,-370.0,300.0,0.0,-8.0,120.0,19.0,0.0,16.0,7.0,4.0,-10.0,11.0,112.0,-97.0
2019-03-01,2019,3,1,230.0,-40.0,200.0,-10.0,50.0,-20.0,10.0,24.0,10.0,220.0,-105.0,11.0,60.0,8.0,-10.0,7.0,-3.0,-10.0,50.0,3.0,100.0,-40.0,-120.0,-9.0,5.0,50.0,-160.0,400.0,-10.0,-10.0,20.0,25.0,9.0,20.0,6.0,9.0,-40.0,14.0,151.0,112.0
2019-02-28,2019,2,28,240.0,70.0,-180.0,35.0,-10.0,120.0,10.0,-14.0,10.0,-170.0,80.0,-15.0,-100.0,-15.0,-4.0,-11.0,-19.0,-4.0,-2.0,-6.0,-350.0,80.0,120.0,-4.0,3.0,-110.0,90.0,-100.0,10.0,10.0,-230.0,2.0,-10.0,2.0,-17.0,-7.0,-5.0,-17.0,-126.0,151.0
2019-02-27,2019,2,27,-210.0,-60.0,80.0,-20.0,170.0,-30.0,55.0,-5.0,0.0,130.0,-55.0,8.0,80.0,5.0,2.0,11.0,6.0,1.0,0.0,7.0,250.0,-40.0,-30.0,4.0,3.0,80.0,-30.0,0.0,8.0,-20.0,70.0,2.0,0.0,5.0,3.0,-7.0,45.0,4.0,32.0,-126.0
2019-02-26,2019,2,26,150.0,360.0,-10.0,20.0,-90.0,-140.0,-25.0,15.0,10.0,-90.0,35.0,-7.0,-40.0,-4.0,8.0,0.0,-5.0,3.0,-61.0,-5.0,-300.0,140.0,100.0,3.0,1.0,-50.0,420.0,-100.0,3.0,20.0,-60.0,-6.0,6.0,-8.0,4.0,-10.0,-30.0,0.0,9.0,32.0
2019-02-25,2019,2,25,-90.0,-260.0,100.0,0.0,20.0,-30.0,40.0,0.0,-20.0,80.0,-45.0,15.0,110.0,14.0,8.0,3.0,13.0,3.0,-20.0,15.0,200.0,-80.0,-90.0,9.0,2.0,100.0,-480.0,250.0,-10.0,-29.0,120.0,15.0,-2.0,14.0,19.0,19.0,25.0,9.0,33.0,9.0
2019-02-22,2019,2,22,90.0,-310.0,-80.0,20.0,70.0,-140.0,-30.0,10.0,32.0,-10.0,15.0,-9.0,-90.0,-5.0,4.0,-3.0,-5.0,-4.0,22.0,-6.0,-200.0,0.0,10.0,-8.0,-4.0,-100.0,270.0,-200.0,-1.0,36.0,-90.0,-11.0,4.0,-9.0,-6.0,0.0,10.0,9.0,60.0,33.0
2019-02-21,2019,2,21,-20.0,100.0,90.0,35.0,70.0,-210.0,0.0,4.0,23.0,30.0,-25.0,3.0,50.0,1.0,-3.0,0.0,6.0,-2.0,12.0,7.0,50.0,40.0,40.0,-5.0,6.0,40.0,-700.0,250.0,19.0,-16.0,-30.0,9.0,3.0,7.0,8.0,-18.0,5.0,10.0,-17.0,60.0
2019-02-20,2019,2,20,50.0,40.0,90.0,5.0,-120.0,-90.0,5.0,16.0,25.0,100.0,-40.0,7.0,60.0,7.0,4.0,11.0,6.0,3.0,-9.0,6.0,0.0,40.0,30.0,4.0,-2.0,60.0,-40.0,-50.0,-5.0,1.0,50.0,3.0,5.0,8.0,26.0,10.0,-5.0,9.0,-253.0,-17.0
2019-02-19,2019,2,19,90.0,90.0,30.0,90.0,-30.0,160.0,10.0,29.0,1.0,40.0,-25.0,3.0,30.0,4.0,11.0,9.0,3.0,0.0,-11.0,5.0,150.0,260.0,300.0,1.0,3.0,40.0,130.0,50.0,-4.0,0.0,60.0,0.0,-2.0,6.0,-4.0,2.0,-20.0,4.0,30.0,-253.0
2019-02-18,2019,2,18,50.0,-60.0,420.0,-65.0,70.0,-130.0,65.0,-11.0,-11.0,370.0,-180.0,29.0,230.0,23.0,1.0,17.0,28.0,-3.0,10.0,22.0,600.0,-140.0,-160.0,-5.0,5.0,180.0,-640.0,550.0,7.0,6.0,310.0,43.0,7.0,35.0,23.0,7.0,-15.0,8.0,10.0,30.0
2019-02-15,2019,2,15,390.0,50.0,-250.0,-5.0,90.0,40.0,-60.0,12.0,9.0,-230.0,105.0,-16.0,-150.0,-10.0,-7.0,-5.0,-17.0,10.0,0.0,-14.0,-250.0,20.0,110.0,8.0,-6.0,-100.0,360.0,-350.0,4.0,-18.0,-190.0,-33.0,-10.0,-27.0,-26.0,1.0,10.0,-8.0,-28.0,10.0
2019-02-14,2019,2,14,-240.0,60.0,-10.0,70.0,-40.0,30.0,40.0,8.0,20.0,-20.0,5.0,0.0,20.0,0.0,-3.0,3.0,2.0,-2.0,48.0,4.0,0.0,120.0,140.0,2.0,3.0,20.0,0.0,100.0,0.0,29.0,90.0,10.0,5.0,9.0,-13.0,11.0,-50.0,-1.0,187.0,-28.0
2019-02-13,2019,2,13,-30.0,0.0,260.0,40.0,10.0,110.0,-25.0,17.0,21.0,260.0,-130.0,18.0,160.0,18.0,6.0,11.0,18.0,-1.0,-11.0,16.0,550.0,240.0,320.0,-3.0,12.0,130.0,40.0,300.0,14.0,-29.0,240.0,26.0,6.0,19.0,17.0,-16.0,20.0,7.0,-42.0,187.0
2019-02-12,2019,2,12,310.0,-60.0,550.0,-85.0,70.0,-80.0,15.0,-17.0,-32.0,480.0,-280.0,34.0,310.0,32.0,-2.0,26.0,31.0,-7.0,-8.0,26.0,450.0,-200.0,-280.0,-13.0,-5.0,240.0,-650.0,540.0,0.0,-20.0,470.0,39.0,9.0,30.0,10.0,31.0,-35.0,12.0,168.0,-42.0
2019-02-08,2019,2,8,530.0,90.0,-420.0,-15.0,-50.0,180.0,60.0,-9.0,-8.0,-380.0,205.0,-25.0,-240.0,-30.0,0.0,-22.0,-40.0,8.0,50.0,-24.0,-750.0,-200.0,-240.0,8.0,-2.0,-200.0,480.0,-300.0,-15.0,-10.0,-510.0,-30.0,3.0,-25.0,-20.0,14.0,15.0,-14.0,-117.0,168.0
2019-02-07,2019,2,7,-500.0,60.0,-120.0,35.0,-20.0,-70.0,-90.0,11.0,28.0,-120.0,65.0,-21.0,-150.0,-13.0,-13.0,-18.0,-17.0,0.0,-20.0,-22.0,-400.0,10.0,-40.0,6.0,7.0,-190.0,70.0,-50.0,13.0,0.0,-220.0,-4.0,1.0,-4.0,-24.0,-11.0,-10.0,-3.0,-1.0,-117.0
2019-02-06,2019,2,6,-50.0,-50.0,10.0,5.0,60.0,-80.0,-40.0,13.0,3.0,40.0,-25.0,-1.0,-10.0,-11.0,-24.0,-23.0,-35.0,4.0,-20.0,2.0,0.0,80.0,-30.0,5.0,1.0,20.0,-170.0,110.0,-5.0,9.0,20.0,-3.0,8.0,-7.0,-4.0,6.0,0.0,2.0,-58.0,-1.0
2019-02-05,2019,2,5,-70.0,-100.0,-10.0,55.0,-20.0,-120.0,0.0,0.0,36.0,-30.0,25.0,9.0,10.0,2.0,-4.0,5.0,-1.0,-6.0,-35.0,5.0,0.0,310.0,260.0,5.0,6.0,-10.0,-200.0,170.0,0.0,-19.0,-10.0,8.0,1.0,13.0,6.0,20.0,-5.0,-6.0,118.0,-58.0
2019-02-04,2019,2,4,-80.0,110.0,120.0,-30.0,10.0,-20.0,75.0,17.0,3.0,100.0,-55.0,12.0,140.0,16.0,1.0,18.0,12.0,-8.0,107.0,17.0,350.0,-40.0,-80.0,-1.0,-8.0,100.0,-150.0,260.0,21.0,9.0,280.0,19.0,-10.0,19.0,9.0,-6.0,-5.0,3.0,228.0,118.0
2019-02-01,2019,2,1,90.0,190.0,-10.0,-10.0,-60.0,0.0,10.0,-9.0,-16.0,0.0,0.0,-3.0,-30.0,-1.0,10.0,-7.0,-16.0,6.0,-40.0,0.0,-500.0,110.0,130.0,6.0,-19.0,-30.0,-400.0,180.0,-7.0,6.0,-330.0,16.0,11.0,11.0,10.0,21.0,25.0,-6.0,-8.0,228.0
2019-01-31,2019,1,31,-10.0,-20.0,170.0,35.0,110.0,-280.0,0.0,11.0,17.0,170.0,-95.0,14.0,130.0,16.0,9.0,15.0,12.0,10.0,-120.0,11.0,400.0,-20.0,-60.0,3.0,43.0,100.0,-640.0,330.0,-2.0,5.0,150.0,28.0,-4.0,19.0,22.0,9.0,-25.0,24.0,94.0,-8.0
2019-01-30,2019,1,30,230.0,40.0,-50.0,-20.0,80.0,-50.0,20.0,-8.0,-19.0,-60.0,30.0,-6.0,30.0,-9.0,-11.0,-6.0,0.0,2.0,-1.0,5.0,-150.0,-30.0,60.0,5.0,0.0,30.0,-180.0,70.0,5.0,3.0,-60.0,-1.0,7.0,2.0,7.0,21.0,35.0,-81.0,-30.0,94.0
2019-01-29,2019,1,29,-80.0,50.0,-10.0,25.0,20.0,160.0,-35.0,-16.0,-22.0,20.0,10.0,3.0,-50.0,4.0,19.0,13.0,-8.0,3.0,37.0,-3.0,-200.0,10.0,-160.0,-2.0,0.0,-60.0,370.0,-170.0,-15.0,7.0,-30.0,-9.0,2.0,-8.0,-5.0,24.0,5.0,11.0,-153.0,-30.0
2019-01-28,2019,1,28,10.0,10.0,-150.0,15.0,-10.0,-20.0,35.0,20.0,39.0,-160.0,65.0,-11.0,-80.0,-11.0,12.0,-13.0,-12.0,-5.0,2.0,-7.0,-100.0,60.0,110.0,4.0,1.0,-70.0,-180.0,-130.0,27.0,10.0,-120.0,-4.0,2.0,-6.0,-11.0,0.0,5.0,-18.0,-50.0,-153.0
2019-01-25,2019,1,25,-150.0,-100.0,220.0,0.0,-50.0,110.0,35.0,-8.0,-11.0,210.0,-95.0,16.0,130.0,14.0,13.0,2.0,24.0,4.0,15.0,11.0,300.0,100.0,100.0,7.0,0.0,120.0,-460.0,220.0,-15.0,20.0,260.0,11.0,-10.0,16.0,33.0,13.0,-70.0,9.0,36.0,-50.0
2019-01-24,2019,1,24,200.0,130.0,-30.0,10.0,60.0,-90.0,0.0,-2.0,2.0,-20.0,-10.0,3.0,20.0,5.0,9.0,2.0,8.0,3.0,-53.0,0.0,150.0,-50.0,-110.0,3.0,-2.0,10.0,-100.0,-90.0,16.0,-8.0,100.0,-1.0,15.0,3.0,10.0,2.0,35.0,13.0,334.0,36.0
2019-01-23,2019,1,23,-10.0,130.0,10.0,-20.0,-30.0,170.0,-25.0,0.0,0.0,-10.0,0.0,-6.0,-20.0,-9.0,-7.0,-8.0,-6.0,3.0,51.0,-2.0,-200.0,-150.0,-120.0,5.0,-5.0,-30.0,780.0,-160.0,-8.0,28.0,-60.0,-4.0,-13.0,-5.0,7.0,3.0,0.0,6.0,-30.0,334.0
2019-01-22,2019,1,22,-10.0,260.0,-130.0,65.0,100.0,130.0,15.0,12.0,19.0,-120.0,60.0,-13.0,-110.0,-12.0,-3.0,-5.0,-13.0,-1.0,27.0,-13.0,-200.0,40.0,130.0,1.0,-3.0,-60.0,100.0,-40.0,0.0,-10.0,-180.0,-16.0,3.0,-16.0,-20.0,-4.0,5.0,-3.0,16.0,-30.0
2019-01-21,2019,1,21,-120.0,-150.0,70.0,15.0,30.0,180.0,100.0,20.0,21.0,50.0,-30.0,10.0,40.0,10.0,4.0,3.0,14.0,-4.0,8.0,5.0,250.0,220.0,140.0,11.0,9.0,40.0,-60.0,330.0,-10.0,-5.0,270.0,24.0,-6.0,21.0,7.0,-1.0,-55.0,-15.0,93.0,16.0
2019-01-18,2019,1,18,50.0,-40.0,280.0,5.0,170.0,20.0,-125.0,0.0,10.0,250.0,-120.0,15.0,160.0,15.0,4.0,15.0,25.0,-8.0,-19.0,15.0,300.0,40.0,90.0,2.0,14.0,140.0,-330.0,410.0,10.0,-34.0,240.0,35.0,5.0,31.0,14.0,23.0,0.0,16.0,49.0,93.0
2019-01-17,2019,1,17,290.0,620.0,-50.0,-25.0,-120.0,-30.0,175.0,-9.0,-29.0,-20.0,0.0,6.0,60.0,8.0,7.0,6.0,-3.0,0.0,-19.0,3.0,200.0,-60.0,-30.0,3.0,-8.0,40.0,350.0,120.0,1.0,9.0,60.0,3.0,17.0,0.0,18.0,17.0,-45.0,15.0,61.0,49.0
2019-01-16,2019,1,16,-50.0,90.0,-130.0,0.0,-60.0,-160.0,-40.0,9.0,29.0,-100.0,50.0,-7.0,-70.0,-7.0,13.0,2.0,-5.0,0.0,0.0,-5.0,-250.0,150.0,70.0,0.0,-2.0,-90.0,-350.0,90.0,18.0,0.0,-100.0,6.0,-10.0,2.0,-6.0,12.0,-45.0,-3.0,-11.0,61.0
2019-01-15,2019,1,15,-90.0,-570.0,180.0,30.0,250.0,-50.0,85.0,21.0,24.0,150.0,-70.0,14.0,140.0,13.0,-21.0,-8.0,18.0,3.0,50.0,12.0,450.0,40.0,80.0,-7.0,0.0,90.0,-650.0,60.0,-35.0,-10.0,200.0,19.0,-4.0,10.0,12.0,11.0,20.0,20.0,-43.0,-11.0
2019-01-11,2019,1,11,180.0,-320.0,240.0,-40.0,-130.0,-70.0,105.0,-2.0,-25.0,200.0,-120.0,8.0,50.0,9.0,19.0,5.0,15.0,-6.0,49.0,7.0,250.0,-140.0,-120.0,11.0,16.0,90.0,-310.0,320.0,-2.0,10.0,220.0,11.0,-16.0,26.0,17.0,31.0,-170.0,8.0,48.0,-43.0
2019-01-10,2019,1,10,190.0,-260.0,-300.0,60.0,-90.0,70.0,0.0,29.0,31.0,-260.0,130.0,-16.0,-140.0,-14.0,7.0,-9.0,-4.0,4.0,-13.0,-16.0,-100.0,10.0,70.0,6.0,2.0,-70.0,10.0,-380.0,-11.0,0.0,-30.0,-19.0,17.0,-23.0,-4.0,-21.0,135.0,-14.0,-167.0,48.0
2019-01-09,2019,1,9,-250.0,-170.0,210.0,20.0,-70.0,-150.0,-45.0,-7.0,10.0,190.0,-90.0,11.0,120.0,16.0,5.0,15.0,17.0,-18.0,0.0,13.0,50.0,100.0,140.0,-16.0,-12.0,50.0,-320.0,300.0,2.0,0.0,140.0,22.0,-28.0,24.0,31.0,45.0,5.0,12.0,84.0,-167.0
2019-01-08,2019,1,8,190.0,-110.0,150.0,120.0,-70.0,-80.0,-35.0,39.0,55.0,160.0,-120.0,17.0,100.0,7.0,1.0,4.0,16.0,-6.0,33.0,12.0,400.0,390.0,460.0,-4.0,2.0,100.0,-260.0,390.0,-11.0,9.0,140.0,26.0,10.0,17.0,1.0,24.0,10.0,20.0,155.0,84.0
2019-01-07,2019,1,7,200.0,-40.0,600.0,-90.0,-50.0,170.0,-110.0,-10.0,-35.0,450.0,-290.0,45.0,440.0,42.0,24.0,38.0,49.0,-7.0,-11.0,41.0,1000.0,-250.0,-130.0,-6.0,34.0,370.0,-1090.0,740.0,7.0,20.0,670.0,59.0,0.0,31.0,37.0,19.0,-40.0,26.0,269.0,155.0
2019-01-04,2019,1,4,530.0,-250.0,-670.0,-40.0,-130.0,-110.0,0.0,-18.0,-39.0,-410.0,250.0,-43.0,-430.0,-26.0,-25.0,-12.0,-30.0,28.0,-18.0,-49.0,-300.0,-70.0,-130.0,14.0,5.0,-290.0,-1060.0,-840.0,-5.0,-18.0,-400.0,-72.0,0.0,-27.0,-45.0,-73.0,40.0,9.0,-318.0,269.0
2018-12-28,2018,12,28,-480.0,200.0,-170.0,120.0,-50.0,0.0,-145.0,48.0,87.0,-80.0,30.0,-7.0,-130.0,-5.0,12.0,-13.0,3.0,2.0,5.0,-12.0,-100.0,850.0,820.0,0.0,9.0,-110.0,240.0,200.0,-1.0,-1.0,-30.0,5.0,-28.0,9.0,5.0,10.0,-70.0,-10.0,-13.0,-318.0
2018-12-27,2018,12,27,-80.0,150.0,770.0,-75.0,-50.0,-230.0,65.0,-70.0,-137.0,650.0,-450.0,69.0,860.0,68.0,17.0,98.0,79.0,-11.0,-20.0,85.0,1250.0,50.0,180.0,-11.0,29.0,600.0,-780.0,1590.0,2.0,-10.0,970.0,116.0,-1.0,92.0,35.0,78.0,80.0,33.0,208.0,-13.0
2018-12-26,2018,12,26,770.0,-140.0,240.0,-80.0,80.0,-320.0,-40.0,11.0,87.0,200.0,-120.0,17.0,-60.0,19.0,24.0,-5.0,18.0,-1.0,-13.0,3.0,250.0,-590.0,-700.0,6.0,-5.0,40.0,430.0,-170.0,5.0,-9.0,140.0,-4.0,0.0,-10.0,8.0,-78.0,-65.0,16.0,49.0,208.0
2018-12-25,2018,12,25,230.0,-140.0,-1010.0,-10.0,90.0,0.0,70.0,11.0,-14.0,-970.0,550.0,-69.0,-580.0,-69.0,-28.0,-69.0,-82.0,11.0,-32.0,-64.0,-1450.0,-350.0,-410.0,-14.0,-48.0,-480.0,1590.0,-1770.0,-4.0,-2.0,-840.0,-127.0,55.0,-130.0,-57.0,-66.0,0.0,-45.0,-168.0,49.0
2018-12-21,2018,12,21,-1070.0,30.0,-230.0,-60.0,0.0,-100.0,15.0,-23.0,-14.0,-180.0,110.0,-30.0,-240.0,-33.0,-14.0,-29.0,-33.0,-7.0,33.0,-24.0,-500.0,-420.0,-320.0,-10.0,-5.0,-230.0,80.0,-500.0,1.0,1.0,-430.0,-7.0,-65.0,14.0,0.0,-14.0,-5.0,-28.0,-119.0,-168.0
2018-12-20,2018,12,20,-230.0,-260.0,-620.0,10.0,-100.0,-20.0,70.0,-29.0,-29.0,-590.0,290.0,-39.0,-330.0,-38.0,-21.0,-31.0,-46.0,7.0,-19.0,-29.0,-750.0,-50.0,-160.0,15.0,-23.0,-250.0,590.0,-1130.0,-21.0,20.0,-520.0,-56.0,7.0,-43.0,-28.0,-35.0,30.0,-26.0,-245.0,-119.0
2018-12-19,2018,12,19,-620.0,-280.0,-100.0,-95.0,-50.0,20.0,-185.0,-48.0,-49.0,-120.0,50.0,-14.0,-120.0,-8.0,-10.0,-15.0,-10.0,5.0,16.0,-11.0,-200.0,-380.0,-360.0,8.0,0.0,-150.0,-100.0,70.0,4.0,-3.0,-190.0,-5.0,3.0,-4.0,7.0,17.0,10.0,4.0,122.0,-245.0
2018-12-18,2018,12,18,-150.0,-160.0,-450.0,-5.0,-90.0,-40.0,100.0,-3.0,3.0,-380.0,185.0,-32.0,-280.0,-31.0,-11.0,-32.0,-19.0,10.0,6.0,-30.0,-450.0,-150.0,20.0,5.0,-5.0,-210.0,740.0,-480.0,13.0,-2.0,-240.0,-65.0,-15.0,-57.0,-32.0,-92.0,0.0,-23.0,-212.0,122.0
2018-12-17,2018,12,17,-380.0,180.0,140.0,-25.0,-160.0,170.0,-85.0,-24.0,-25.0,130.0,-80.0,3.0,40.0,2.0,2.0,10.0,6.0,0.0,14.0,1.0,0.0,-250.0,-250.0,0.0,1.0,40.0,-100.0,-120.0,7.0,0.0,30.0,-10.0,-2.0,-10.0,-4.0,11.0,80.0,-17.0,119.0,-212.0
2018-12-14,2018,12,14,130.0,70.0,-430.0,45.0,-80.0,20.0,-10.0,17.0,31.0,-420.0,195.0,-25.0,-220.0,-24.0,10.0,-19.0,-26.0,1.0,9.0,-21.0,-500.0,130.0,170.0,9.0,0.0,-190.0,340.0,-320.0,-10.0,-34.0,-330.0,-27.0,5.0,-21.0,-24.0,6.0,5.0,-17.0,-89.0,119.0
2018-12-13,2018,12,13,-430.0,-20.0,220.0,60.0,110.0,180.0,-85.0,36.0,19.0,190.0,-95.0,15.0,70.0,9.0,8.0,9.0,14.0,1.0,1.0,11.0,350.0,240.0,210.0,0.0,4.0,100.0,50.0,100.0,0.0,19.0,210.0,0.0,-5.0,6.0,20.0,-41.0,-115.0,1.0,25.0,-89.0
2018-12-12,2018,12,12,180.0,170.0,460.0,15.0,-40.0,50.0,105.0,-13.0,11.0,430.0,-215.0,30.0,330.0,32.0,4.0,23.0,28.0,-8.0,-6.0,27.0,600.0,-210.0,-190.0,-4.0,-1.0,230.0,-350.0,320.0,14.0,-10.0,390.0,26.0,18.0,22.0,32.0,14.0,120.0,26.0,226.0,25.0
2018-12-11,2018,12,11,480.0,90.0,-90.0,-80.0,50.0,20.0,-5.0,-8.0,-33.0,-50.0,30.0,-14.0,-100.0,-14.0,-3.0,-2.0,-13.0,-3.0,-5.0,-7.0,-500.0,-390.0,-320.0,-1.0,2.0,-90.0,-220.0,260.0,-4.0,-9.0,-340.0,24.0,-7.0,17.0,-2.0,1.0,25.0,-20.0,14.0,226.0
2018-12-10,2018,12,10,-60.0,10.0,-430.0,-30.0,30.0,40.0,10.0,-26.0,-25.0,-460.0,200.0,-34.0,-310.0,-31.0,-22.0,-36.0,-35.0,7.0,-2.0,-29.0,-550.0,60.0,110.0,5.0,-14.0,-240.0,1050.0,-880.0,-5.0,0.0,-360.0,-63.0,-3.0,-51.0,-36.0,-28.0,-35.0,-28.0,-51.0,14.0
2018-12-07,2018,12,7,-480.0,-40.0,180.0,-45.0,100.0,90.0,0.0,-21.0,-34.0,180.0,-85.0,16.0,190.0,11.0,7.0,26.0,6.0,2.0,-1.0,19.0,0.0,-270.0,-200.0,3.0,7.0,110.0,-110.0,150.0,-7.0,17.0,20.0,16.0,9.0,8.0,8.0,48.0,20.0,10.0,211.0,-51.0
2018-12-06,2018,12,6,190.0,0.0,-410.0,-90.0,-60.0,-40.0,20.0,-11.0,-39.0,-400.0,185.0,-33.0,-340.0,-32.0,-2.0,-25.0,-31.0,7.0,0.0,-29.0,-450.0,-130.0,-170.0,0.0,9.0,-270.0,810.0,-550.0,12.0,10.0,-450.0,-39.0,8.0,-34.0,-43.0,-18.0,5.0,-23.0,-65.0,211.0
2018-12-05,2018,12,5,-430.0,-110.0,-150.0,-45.0,100.0,130.0,-100.0,-19.0,-50.0,-150.0,50.0,-12.0,-100.0,-9.0,-1.0,-2.0,-13.0,6.0,5.0,-9.0,-400.0,-310.0,-440.0,4.0,-13.0,-80.0,860.0,-450.0,-10.0,-7.0,-250.0,-43.0,4.0,-38.0,-24.0,-20.0,-5.0,-5.0,-131.0,-65.0
2018-12-04,2018,12,4,-130.0,100.0,-540.0,50.0,-70.0,-120.0,135.0,26.0,30.0,-540.0,210.0,-38.0,-350.0,-39.0,1.0,-35.0,-42.0,12.0,-34.0,-30.0,-750.0,200.0,180.0,13.0,1.0,-310.0,520.0,-550.0,3.0,-1.0,-520.0,-42.0,-11.0,-36.0,-17.0,-8.0,15.0,-13.0,-107.0,-131.0
2018-12-03,2018,12,3,-550.0,-110.0,220.0,-10.0,-90.0,-100.0,-65.0,3.0,0.0,230.0,-90.0,18.0,210.0,21.0,-2.0,12.0,29.0,-4.0,0.0,18.0,550.0,40.0,70.0,-3.0,8.0,160.0,-1310.0,700.0,-6.0,-10.0,270.0,60.0,2.0,35.0,44.0,21.0,-20.0,13.0,86.0,-107.0
2018-11-30,2018,11,30,220.0,0.0,100.0,60.0,-10.0,50.0,-20.0,-7.0,-10.0,100.0,-50.0,9.0,40.0,6.0,10.0,15.0,6.0,3.0,-11.0,9.0,-50.0,130.0,60.0,-1.0,4.0,70.0,70.0,150.0,-2.0,0.0,90.0,8.0,15.0,17.0,-2.0,13.0,-25.0,-1.0,4.0,86.0
2018-11-29,2018,11,29,120.0,120.0,80.0,-20.0,-10.0,-150.0,0.0,18.0,12.0,60.0,-25.0,7.0,70.0,8.0,-13.0,1.0,-6.0,4.0,28.0,1.0,50.0,120.0,-30.0,-4.0,-1.0,50.0,-150.0,350.0,1.0,-9.0,0.0,24.0,0.0,23.0,11.0,4.0,0.0,9.0,80.0,4.0
2018-11-28,2018,11,28,50.0,-360.0,220.0,50.0,-90.0,-20.0,-20.0,11.0,24.0,220.0,-85.0,9.0,50.0,8.0,6.0,6.0,5.0,-1.0,-10.0,6.0,100.0,110.0,180.0,-5.0,5.0,40.0,-320.0,350.0,-6.0,4.0,60.0,25.0,0.0,12.0,35.0,20.0,-65.0,19.0,-101.0,80.0
2018-11-27,2018,11,27,220.0,-70.0,130.0,0.0,90.0,-50.0,-25.0,2.0,-17.0,140.0,-65.0,12.0,130.0,11.0,14.0,8.0,15.0,-2.0,23.0,9.0,200.0,80.0,100.0,1.0,-3.0,120.0,-500.0,250.0,-1.0,34.0,180.0,22.0,1.0,20.0,-2.0,-2.0,-20.0,11.0,106.0,-101.0
2018-11-26,2018,11,26,170.0,10.0,130.0,30.0,-170.0,170.0,-95.0,17.0,31.0,150.0,-70.0,7.0,50.0,6.0,7.0,3.0,1.0,1.0,-13.0,4.0,50.0,120.0,170.0,9.0,1.0,20.0,10.0,-50.0,11.0,-25.0,60.0,-3.0,7.0,-2.0,7.0,9.0,90.0,5.0,-22.0,106.0
2018-11-22,2018,11,22,150.0,190.0,160.0,-50.0,-20.0,0.0,0.0,9.0,1.0,150.0,-65.0,12.0,120.0,12.0,3.0,21.0,18.0,3.0,32.0,15.0,150.0,-70.0,-120.0,-8.0,0.0,80.0,-100.0,110.0,7.0,8.0,120.0,6.0,3.0,13.0,7.0,0.0,0.0,8.0,67.0,-22.0
2018-11-21,2018,11,21,160.0,0.0,-10.0,-30.0,-60.0,130.0,-25.0,-39.0,-21.0,-50.0,30.0,-10.0,-90.0,-9.0,0.0,-9.0,-8.0,-2.0,-33.0,-12.0,-200.0,-130.0,-10.0,0.0,-2.0,-90.0,540.0,-360.0,-15.0,17.0,-170.0,-26.0,18.0,-23.0,-10.0,-10.0,-70.0,-1.0,-57.0,67.0
2018-11-20,2018,11,20,-70.0,30.0,-200.0,-10.0,80.0,-10.0,70.0,18.0,-20.0,-250.0,95.0,-12.0,-100.0,-12.0,-2.0,-10.0,-2.0,3.0,30.0,-8.0,0.0,140.0,10.0,-4.0,-6.0,-70.0,680.0,-500.0,-2.0,1.0,-70.0,-41.0,0.0,-37.0,-15.0,-8.0,-35.0,-23.0,-175.0,-57.0
2018-11-19,2018,11,19,-240.0,-110.0,60.0,5.0,30.0,-220.0,-40.0,-8.0,-25.0,150.0,-55.0,5.0,40.0,9.0,10.0,4.0,5.0,4.0,17.0,5.0,-50.0,-120.0,-90.0,2.0,-10.0,30.0,-660.0,-150.0,12.0,-10.0,-20.0,-1.0,-28.0,-5.0,-6.0,19.0,-30.0,25.0,138.0,-175.0
2018-11-16,2018,11,16,140.0,190.0,-90.0,-30.0,0.0,-160.0,65.0,-24.0,-15.0,-120.0,50.0,-8.0,-40.0,-10.0,-8.0,1.0,-15.0,5.0,-3.0,-2.0,-250.0,-30.0,-80.0,-9.0,-2.0,-20.0,-160.0,250.0,0.0,10.0,-150.0,14.0,6.0,15.0,20.0,-15.0,5.0,-5.0,21.0,138.0
2018-11-15,2018,11,15,-110.0,60.0,-40.0,35.0,10.0,0.0,20.0,-6.0,0.0,-30.0,10.0,-3.0,-80.0,-3.0,11.0,7.0,0.0,9.0,-7.0,0.0,0.0,-40.0,60.0,-4.0,-15.0,-90.0,310.0,-400.0,8.0,-16.0,-10.0,-28.0,0.0,-24.0,7.0,-19.0,-5.0,5.0,19.0,21.0
2018-11-14,2018,11,14,-60.0,140.0,0.0,-90.0,140.0,-60.0,-15.0,-22.0,-31.0,20.0,-10.0,5.0,30.0,5.0,-1.0,1.0,5.0,3.0,-45.0,0.0,50.0,-270.0,-370.0,-2.0,-3.0,50.0,350.0,-250.0,-3.0,-10.0,60.0,-15.0,21.0,-11.0,-5.0,18.0,80.0,-13.0,17.0,19.0
2018-11-13,2018,11,13,30.0,290.0,-450.0,-20.0,0.0,-110.0,25.0,-4.0,-29.0,-480.0,185.0,-33.0,-270.0,-37.0,2.0,-33.0,-36.0,-2.0,0.0,-29.0,-750.0,-110.0,10.0,1.0,-5.0,-250.0,870.0,-500.0,-7.0,0.0,-530.0,-37.0,-9.0,-36.0,-13.0,20.0,0.0,1.0,-196.0,17.0
2018-11-12,2018,11,12,-470.0,-20.0,-20.0,-20.0,160.0,-40.0,5.0,3.0,-20.0,20.0,0.0,-1.0,-10.0,0.0,14.0,5.0,5.0,5.0,-25.0,0.0,-50.0,-50.0,-90.0,4.0,-14.0,-20.0,70.0,-100.0,-39.0,-3.0,-10.0,-12.0,2.0,-7.0,-10.0,13.0,95.0,-20.0,0.0,-196.0
2018-11-09,2018,11,9,20.0,-110.0,-200.0,30.0,0.0,-50.0,50.0,15.0,60.0,-230.0,85.0,-12.0,-110.0,-7.0,-12.0,-2.0,-12.0,2.0,-3.0,-13.0,-200.0,160.0,250.0,-1.0,7.0,-60.0,130.0,100.0,-1.0,-11.0,-10.0,4.0,1.0,0.0,-43.0,-44.0,-5.0,-5.0,-9.0,0.0
2018-11-08,2018,11,8,-220.0,-480.0,450.0,10.0,70.0,-130.0,45.0,-2.0,0.0,390.0,-170.0,21.0,300.0,26.0,4.0,38.0,23.0,-7.0,-20.0,31.0,450.0,160.0,110.0,7.0,6.0,140.0,-690.0,600.0,-12.0,-20.0,390.0,50.0,15.0,36.0,35.0,30.0,-5.0,26.0,136.0,-9.0
2018-11-07,2018,11,7,390.0,40.0,-90.0,0.0,-20.0,140.0,10.0,10.0,0.0,-50.0,25.0,2.0,-90.0,-5.0,-5.0,-5.0,-9.0,5.0,-2.0,-11.0,-400.0,-30.0,60.0,1.0,3.0,0.0,-650.0,150.0,-3.0,-10.0,-240.0,13.0,-7.0,16.0,2.0,-32.0,-40.0,9.0,-32.0,136.0
2018-11-06,2018,11,6,-50.0,-410.0,180.0,30.0,-220.0,-250.0,-20.0,-11.0,-10.0,260.0,-105.0,16.0,130.0,19.0,2.0,20.0,23.0,-3.0,20.0,21.0,550.0,-50.0,-50.0,10.0,4.0,130.0,-340.0,400.0,0.0,-5.0,350.0,23.0,2.0,10.0,8.0,38.0,-5.0,6.0,127.0,-32.0
2018-11-05,2018,11,5,230.0,50.0,-280.0,60.0,20.0,210.0,-190.0,31.0,50.0,-370.0,145.0,-14.0,-150.0,-16.0,5.0,-14.0,-24.0,-8.0,10.0,-14.0,-600.0,220.0,160.0,-12.0,-2.0,-160.0,450.0,-400.0,6.0,-1.0,-220.0,-29.0,-2.0,-18.0,-21.0,-19.0,-5.0,5.0,-66.0,127.0
2018-11-02,2018,11,2,-330.0,-150.0,590.0,15.0,-130.0,50.0,60.0,0.0,21.0,560.0,-260.0,27.0,280.0,24.0,2.0,19.0,34.0,-1.0,-20.0,31.0,550.0,20.0,-380.0,2.0,9.0,240.0,-630.0,450.0,16.0,-14.0,350.0,37.0,-4.0,39.0,72.0,10.0,-70.0,31.0,64.0,-66.0
2018-11-01,2018,11,1,580.0,-170.0,-250.0,65.0,50.0,30.0,-50.0,31.0,24.0,-230.0,95.0,-14.0,-130.0,-13.0,5.0,-24.0,-59.0,-3.0,-11.0,-28.0,-500.0,370.0,310.0,-2.0,-6.0,-110.0,-280.0,100.0,-15.0,-4.0,-230.0,7.0,-8.0,7.0,22.0,-27.0,0.0,-8.0,4.0,64.0
2018-10-31,2018,10,31,-240.0,370.0,430.0,20.0,-240.0,130.0,-10.0,24.0,35.0,440.0,-210.0,34.0,260.0,36.0,-3.0,30.0,41.0,-6.0,-46.0,30.0,700.0,240.0,90.0,-13.0,4.0,240.0,-210.0,550.0,17.0,18.0,330.0,40.0,7.0,34.0,25.0,22.0,-140.0,24.0,123.0,4.0
2018-10-30,2018,10,30,470.0,50.0,340.0,-20.0,100.0,-260.0,-70.0,28.0,-5.0,290.0,-140.0,16.0,150.0,21.0,1.0,8.0,20.0,-3.0,1.0,8.0,400.0,-100.0,120.0,0.0,-1.0,180.0,-20.0,160.0,11.0,-2.0,250.0,11.0,-4.0,11.0,4.0,27.0,-130.0,26.0,117.0,123.0
2018-10-29,2018,10,29,320.0,-240.0,50.0,15.0,120.0,40.0,-10.0,-22.0,5.0,-40.0,20.0,2.0,40.0,-7.0,7.0,0.0,-6.0,1.0,-31.0,1.0,-100.0,-210.0,-80.0,-1.0,-8.0,-40.0,-210.0,-20.0,27.0,-12.0,20.0,-5.0,13.0,2.0,10.0,-25.0,420.0,-35.0,-381.0,117.0
2018-10-26,2018,10,26,-50.0,40.0,-110.0,-125.0,70.0,210.0,60.0,-51.0,-50.0,-80.0,20.0,-5.0,-70.0,-5.0,2.0,-2.0,1.0,2.0,-12.0,-7.0,0.0,-480.0,-520.0,1.0,4.0,-10.0,660.0,-10.0,-17.0,0.0,-40.0,2.0,19.0,-7.0,-3.0,13.0,-20.0,-15.0,-142.0,-381.0
2018-10-25,2018,10,25,-80.0,-630.0,-960.0,35.0,-170.0,-140.0,-220.0,19.0,-5.0,-830.0,365.0,-52.0,-430.0,-51.0,-10.0,-45.0,-48.0,9.0,-1.0,-42.0,-950.0,-30.0,80.0,-1.0,-13.0,-390.0,890.0,-930.0,-6.0,0.0,-660.0,-70.0,-11.0,-56.0,-59.0,11.0,20.0,-48.0,-289.0,-142.0
2018-10-24,2018,10,24,-870.0,30.0,140.0,-95.0,80.0,120.0,-5.0,-28.0,-49.0,90.0,-40.0,0.0,-40.0,0.0,-2.0,13.0,0.0,1.0,-25.0,0.0,-100.0,-360.0,-620.0,-1.0,5.0,-60.0,-190.0,100.0,0.0,10.0,-10.0,10.0,0.0,6.0,9.0,20.0,-65.0,2.0,106.0,-289.0
2018-10-23,2018,10,23,100.0,-260.0,-620.0,10.0,-290.0,-60.0,15.0,34.0,14.0,-630.0,240.0,-50.0,-410.0,-45.0,-9.0,-57.0,-53.0,5.0,15.0,-41.0,-900.0,50.0,110.0,2.0,-9.0,-330.0,610.0,-500.0,0.0,18.0,-630.0,-39.0,2.0,-31.0,-48.0,-34.0,-130.0,-15.0,-100.0,106.0
2018-10-22,2018,10,22,-620.0,-40.0,120.0,-40.0,0.0,-70.0,-20.0,-10.0,-19.0,90.0,-30.0,11.0,80.0,3.0,3.0,12.0,4.0,-2.0,6.0,7.0,0.0,-80.0,-150.0,-2.0,-6.0,60.0,260.0,-100.0,-12.0,0.0,70.0,-4.0,-20.0,-6.0,18.0,5.0,60.0,2.0,-19.0,-100.0
2018-10-19,2018,10,19,100.0,-70.0,-130.0,-25.0,-210.0,-280.0,30.0,-15.0,-21.0,-140.0,45.0,-14.0,-150.0,-11.0,-9.0,-9.0,-17.0,5.0,18.0,-13.0,-250.0,-30.0,60.0,-5.0,-5.0,-130.0,310.0,-200.0,-2.0,-27.0,-190.0,-16.0,0.0,-21.0,-31.0,16.0,20.0,-6.0,63.0,-19.0
2018-10-18,2018,10,18,-130.0,-210.0,-200.0,45.0,-70.0,60.0,-90.0,30.0,30.0,-180.0,65.0,-7.0,-40.0,-11.0,7.0,0.0,-5.0,-6.0,-11.0,-2.0,-50.0,340.0,340.0,-8.0,-4.0,-20.0,340.0,-100.0,-6.0,1.0,-30.0,-5.0,26.0,-1.0,6.0,-4.0,-40.0,-1.0,-59.0,63.0
2018-10-17,2018,10,17,-190.0,190.0,320.0,50.0,0.0,110.0,-10.0,13.0,20.0,300.0,-120.0,28.0,260.0,27.0,9.0,25.0,25.0,0.0,26.0,26.0,350.0,-40.0,70.0,2.0,11.0,200.0,-780.0,700.0,6.0,-22.0,280.0,47.0,-10.0,33.0,39.0,43.0,-10.0,8.0,131.0,-59.0
2018-10-16,2018,10,16,300.0,-10.0,260.0,-80.0,30.0,200.0,75.0,-33.0,-32.0,270.0,-115.0,3.0,50.0,14.0,13.0,11.0,21.0,1.0,0.0,2.0,450.0,-170.0,-180.0,3.0,1.0,50.0,-170.0,50.0,0.0,-9.0,240.0,6.0,-5.0,11.0,5.0,5.0,-5.0,7.0,9.0,131.0
2018-10-15,2018,10,15,270.0,20.0,-420.0,55.0,-100.0,50.0,-105.0,0.0,2.0,-450.0,185.0,-24.0,-210.0,-87.0,-8.0,-22.0,-27.0,4.0,7.0,-21.0,-500.0,120.0,-110.0,-5.0,1.0,-170.0,540.0,-350.0,7.0,16.0,-290.0,-24.0,-13.0,-22.0,-13.0,-19.0,95.0,-13.0,-37.0,9.0
2018-10-12,2018,10,12,-440.0,20.0,130.0,-155.0,-50.0,-640.0,-100.0,-56.0,-79.0,120.0,-65.0,3.0,60.0,59.0,-9.0,-11.0,3.0,-7.0,-11.0,0.0,-100.0,-640.0,-640.0,-8.0,9.0,10.0,-890.0,300.0,-5.0,3.0,-90.0,27.0,17.0,28.0,50.0,-42.0,70.0,23.0,40.0,-37.0
2018-10-11,2018,10,11,100.0,80.0,-950.0,-15.0,50.0,360.0,120.0,13.0,10.0,-990.0,340.0,-68.0,-660.0,-62.0,-3.0,-60.0,-63.0,10.0,30.0,-58.0,-1250.0,100.0,160.0,14.0,-11.0,-520.0,2250.0,-1600.0,-2.0,0.0,-790.0,-126.0,-5.0,-109.0,-105.0,-46.0,10.0,-38.0,-317.0,40.0
2018-10-10,2018,10,10,-940.0,180.0,0.0,-125.0,0.0,-270.0,-20.0,-56.0,-91.0,10.0,-15.0,4.0,40.0,1.0,-2.0,15.0,3.0,5.0,33.0,4.0,150.0,-250.0,-380.0,1.0,-10.0,0.0,110.0,-50.0,23.0,7.0,100.0,-5.0,-7.0,-3.0,-1.0,7.0,-10.0,1.0,33.0,-317.0
2018-10-09,2018,10,9,50.0,80.0,-300.0,20.0,40.0,10.0,-40.0,-12.0,-10.0,-340.0,105.0,-34.0,-240.0,-33.0,16.0,-32.0,-32.0,-15.0,10.0,-31.0,-450.0,-200.0,-20.0,-27.0,-37.0,-230.0,430.0,-400.0,-3.0,0.0,-390.0,-31.0,-22.0,-38.0,-25.0,10.0,5.0,-11.0,-94.0,33.0
2018-10-05,2018,10,5,-330.0,40.0,-180.0,10.0,-30.0,50.0,0.0,-7.0,10.0,-170.0,60.0,-4.0,-150.0,-6.0,-8.0,9.0,-11.0,3.0,10.0,-8.0,-50.0,70.0,80.0,-1.0,-11.0,-90.0,80.0,-200.0,20.0,18.0,-20.0,-13.0,-7.0,-17.0,-25.0,-13.0,-5.0,-23.0,-98.0,-94.0
2018-10-04,2018,10,4,-160.0,170.0,-140.0,-50.0,150.0,70.0,30.0,-2.0,3.0,-170.0,45.0,-3.0,20.0,-2.0,-7.0,-17.0,-1.0,-23.0,0.0,-3.0,150.0,-240.0,-370.0,-29.0,-6.0,40.0,230.0,-50.0,-5.0,4.0,20.0,-1.0,8.0,1.0,-34.0,-20.0,-5.0,-9.0,-49.0,-98.0
2018-10-03,2018,10,3,-140.0,310.0,-120.0,-15.0,20.0,80.0,-10.0,-10.0,-3.0,-170.0,35.0,-24.0,-190.0,-22.0,-5.0,-16.0,-22.0,0.0,15.0,-19.0,-900.0,-40.0,70.0,4.0,2.0,-170.0,-60.0,50.0,10.0,-4.0,-580.0,3.0,-6.0,2.0,4.0,-6.0,40.0,3.0,-245.0,-49.0
2018-10-02,2018,10,2,-200.0,160.0,-40.0,-65.0,80.0,-80.0,0.0,6.0,-20.0,-10.0,15.0,8.0,70.0,6.0,-1.0,12.0,9.0,-3.0,-60.0,11.0,100.0,0.0,-70.0,-2.0,-2.0,60.0,170.0,-50.0,-4.0,-25.0,100.0,-9.0,2.0,-9.0,-30.0,-19.0,-60.0,-15.0,67.0,-245.0
2018-10-01,2018,10,1,20.0,190.0,20.0,40.0,-10.0,80.0,30.0,4.0,2.0,150.0,-45.0,2.0,20.0,2.0,-4.0,-10.0,3.0,-2.0,59.0,3.0,100.0,50.0,160.0,3.0,7.0,10.0,-180.0,200.0,1.0,20.0,50.0,22.0,4.0,4.0,-1.0,38.0,-20.0,-3.0,-93.0,67.0
2018-09-28,2018,9,28,130.0,-70.0,450.0,30.0,150.0,160.0,-40.0,9.0,-2.0,350.0,-110.0,10.0,80.0,17.0,4.0,20.0,25.0,4.0,-9.0,10.0,400.0,-130.0,-230.0,5.0,5.0,100.0,-130.0,350.0,5.0,-10.0,260.0,24.0,10.0,24.0,33.0,14.0,-40.0,10.0,140.0,-93.0
2018-09-27,2018,9,27,350.0,100.0,-190.0,0.0,-30.0,0.0,-10.0,20.0,30.0,-230.0,65.0,-13.0,-100.0,-23.0,1.0,-20.0,-14.0,2.0,-20.0,-10.0,-150.0,180.0,180.0,5.0,-3.0,-70.0,240.0,-200.0,-3.0,1.0,-220.0,-19.0,-1.0,-19.0,-13.0,-22.0,5.0,-8.0,-263.0,140.0
2018-09-26,2018,9,26,-220.0,80.0,230.0,-55.0,0.0,20.0,20.0,-39.0,10.0,270.0,-85.0,41.0,140.0,16.0,21.0,14.0,5.0,4.0,5.0,12.0,100.0,140.0,80.0,-4.0,0.0,120.0,-40.0,0.0,-11.0,10.0,90.0,3.0,4.0,14.0,13.0,3.0,-70.0,18.0,-43.0,-263.0
2018-09-25,2018,9,25,240.0,-160.0,50.0,155.0,100.0,20.0,10.0,40.0,40.0,40.0,-10.0,-12.0,80.0,19.0,5.0,-19.0,18.0,-7.0,-6.0,12.0,450.0,200.0,250.0,-1.0,-1.0,60.0,-40.0,-150.0,-4.0,9.0,230.0,-8.0,4.0,-12.0,-18.0,-34.0,10.0,9.0,229.0,-43.0
2018-09-21,2018,9,21,60.0,-80.0,180.0,15.0,-20.0,130.0,100.0,-1.0,10.0,240.0,-75.0,18.0,160.0,16.0,-8.0,49.0,25.0,-4.0,-11.0,12.0,400.0,-10.0,0.0,0.0,-2.0,120.0,-120.0,450.0,1.0,8.0,300.0,32.0,-1.0,39.0,46.0,25.0,105.0,14.0,-99.0,229.0
2018-09-20,2018,9,20,200.0,-120.0,20.0,45.0,-90.0,40.0,-30.0,11.0,50.0,-10.0,-5.0,3.0,40.0,0.0,-3.0,-3.0,-1.0,-2.0,1.0,-2.0,100.0,190.0,250.0,-3.0,4.0,20.0,-220.0,-50.0,9.0,-44.0,40.0,-1.0,0.0,-2.0,6.0,-21.0,-75.0,0.0,-14.0,-99.0
2018-09-19,2018,9,19,-10.0,-50.0,210.0,-10.0,-70.0,40.0,-10.0,0.0,0.0,290.0,-90.0,24.0,230.0,26.0,3.0,18.0,27.0,-8.0,4.0,23.0,500.0,230.0,440.0,-9.0,4.0,180.0,-150.0,300.0,0.0,17.0,350.0,20.0,-2.0,23.0,24.0,-7.0,20.0,-9.0,149.0,-14.0
2018-09-18,2018,9,18,270.0,-80.0,380.0,45.0,0.0,80.0,20.0,19.0,4.0,330.0,-125.0,35.0,300.0,32.0,2.0,43.0,43.0,0.0,6.0,30.0,600.0,160.0,140.0,3.0,-4.0,260.0,160.0,50.0,-29.0,-13.0,500.0,-7.0,8.0,-8.0,-16.0,-4.0,40.0,9.0,57.0,149.0
2018-09-14,2018,9,14,330.0,-30.0,250.0,5.0,0.0,120.0,90.0,7.0,16.0,310.0,-110.0,15.0,140.0,18.0,8.0,1.0,24.0,-6.0,16.0,14.0,500.0,170.0,260.0,0.0,5.0,130.0,-270.0,50.0,5.0,21.0,220.0,22.0,1.0,21.0,33.0,16.0,-10.0,18.0,36.0,57.0
2018-09-13,2018,9,13,280.0,-80.0,250.0,0.0,-120.0,40.0,-40.0,-14.0,-10.0,220.0,-95.0,20.0,220.0,20.0,-4.0,18.0,20.0,2.0,12.0,24.0,400.0,-150.0,-130.0,3.0,7.0,210.0,-60.0,-100.0,-4.0,0.0,240.0,-3.0,-10.0,0.0,14.0,-4.0,0.0,-1.0,108.0,36.0
2018-09-12,2018,9,12,220.0,40.0,-80.0,70.0,-100.0,170.0,-130.0,20.0,30.0,-80.0,20.0,-7.0,-80.0,-8.0,2.0,2.0,-9.0,-1.0,-31.0,-10.0,-100.0,10.0,10.0,0.0,-4.0,-80.0,-220.0,100.0,5.0,0.0,-120.0,5.0,20.0,2.0,-3.0,-2.0,-35.0,-19.0,-105.0,108.0
2018-09-11,2018,9,11,-60.0,70.0,290.0,-30.0,90.0,80.0,0.0,20.0,20.0,290.0,-115.0,10.0,80.0,8.0,8.0,14.0,6.0,-5.0,28.0,12.0,150.0,30.0,140.0,-3.0,2.0,90.0,-330.0,0.0,4.0,-10.0,140.0,17.0,8.0,15.0,0.0,16.0,35.0,6.0,-40.0,-105.0
2018-09-10,2018,9,10,300.0,220.0,50.0,-50.0,130.0,0.0,170.0,-31.0,-60.0,70.0,-20.0,6.0,70.0,4.0,-4.0,4.0,7.0,-6.0,10.0,8.0,150.0,-170.0,-110.0,-2.0,-1.0,60.0,70.0,300.0,15.0,18.0,120.0,7.0,-25.0,4.0,-5.0,-4.0,40.0,7.0,-60.0,-40.0
2018-09-07,2018,9,7,60.0,60.0,-160.0,-45.0,50.0,20.0,60.0,-11.0,-5.0,-180.0,65.0,-10.0,-100.0,-11.0,-5.0,4.0,-16.0,3.0,-8.0,-8.0,-200.0,-170.0,-170.0,1.0,-1.0,-70.0,220.0,-350.0,-25.0,-17.0,-120.0,-23.0,8.0,-18.0,-9.0,-8.0,5.0,-3.0,121.0,-60.0
2018-09-06,2018,9,6,-180.0,-50.0,-130.0,-30.0,80.0,0.0,-90.0,-20.0,2.0,-110.0,40.0,-16.0,-140.0,-8.0,5.0,-14.0,-17.0,-4.0,2.0,-14.0,-400.0,0.0,-30.0,-6.0,-11.0,-110.0,60.0,-50.0,10.0,-22.0,-200.0,-11.0,-18.0,-12.0,-23.0,2.0,-95.0,-13.0,-80.0,121.0
2018-09-05,2018,9,5,-110.0,110.0,-70.0,40.0,30.0,30.0,30.0,10.0,4.0,-100.0,50.0,-9.0,-80.0,-12.0,-4.0,-8.0,-23.0,-6.0,-6.0,-11.0,-250.0,0.0,-50.0,-9.0,-4.0,-50.0,320.0,0.0,10.0,-17.0,-190.0,-3.0,-2.0,-9.0,-36.0,-16.0,-90.0,-6.0,-85.0,-80.0
2018-09-04,2018,9,4,-90.0,-60.0,-40.0,-75.0,50.0,-60.0,40.0,0.0,-51.0,-10.0,5.0,-2.0,-30.0,-2.0,-3.0,-6.0,-7.0,0.0,-39.0,0.0,-100.0,-260.0,-230.0,5.0,1.0,-20.0,-100.0,-50.0,-10.0,1.0,-70.0,11.0,13.0,9.0,1.0,9.0,85.0,10.0,-83.0,-85.0
2018-09-03,2018,9,3,-20.0,-50.0,-140.0,-70.0,-90.0,280.0,45.0,-11.0,-32.0,-160.0,45.0,-17.0,-120.0,-16.0,-1.0,-6.0,-16.0,5.0,52.0,-14.0,-350.0,10.0,-90.0,0.0,4.0,-130.0,-210.0,100.0,10.0,-2.0,-210.0,-2.0,-13.0,-3.0,-26.0,1.0,110.0,-14.0,-3.0,-83.0
2018-08-31,2018,8,31,-160.0,80.0,-30.0,5.0,90.0,-10.0,-265.0,13.0,22.0,-20.0,15.0,-4.0,0.0,-6.0,-1.0,-1.0,-13.0,-7.0,-37.0,-2.0,-250.0,50.0,-40.0,-2.0,-2.0,-60.0,140.0,-200.0,-20.0,1.0,-100.0,-18.0,-7.0,-16.0,-23.0,-16.0,-75.0,5.0,133.0,-3.0
2018-08-30,2018,8,30,-10.0,0.0,20.0,30.0,60.0,-230.0,100.0,16.0,0.0,10.0,-5.0,-1.0,-60.0,2.0,-1.0,-4.0,-12.0,6.0,-7.0,-1.0,-200.0,80.0,130.0,-18.0,1.0,-30.0,70.0,250.0,0.0,0.0,-110.0,15.0,7.0,-7.0,-2.0,9.0,-50.0,11.0,-104.0,133.0
2018-08-29,2018,8,29,0.0,-50.0,50.0,35.0,-160.0,-80.0,-80.0,9.0,0.0,80.0,-20.0,7.0,60.0,6.0,7.0,5.0,6.0,1.0,-7.0,2.0,200.0,30.0,10.0,13.0,-1.0,40.0,40.0,-50.0,0.0,17.0,90.0,2.0,-5.0,7.0,3.0,20.0,0.0,7.0,149.0,-104.0
2018-08-28,2018,8,28,60.0,120.0,20.0,20.0,90.0,-30.0,20.0,3.0,20.0,10.0,-5.0,9.0,50.0,6.0,3.0,2.0,12.0,-9.0,12.0,5.0,200.0,220.0,180.0,-7.0,2.0,50.0,100.0,300.0,-38.0,0.0,90.0,16.0,1.0,27.0,22.0,0.0,85.0,-8.0,13.0,149.0
2018-08-27,2018,8,27,30.0,-280.0,210.0,55.0,-70.0,180.0,140.0,20.0,0.0,220.0,-90.0,16.0,170.0,19.0,-2.0,11.0,17.0,2.0,-14.0,16.0,400.0,130.0,130.0,4.0,3.0,140.0,-110.0,200.0,39.0,6.0,200.0,10.0,18.0,23.0,29.0,14.0,-65.0,19.0,57.0,13.0
2018-08-24,2018,8,24,220.0,-210.0,180.0,15.0,-140.0,-10.0,-10.0,0.0,20.0,180.0,-75.0,11.0,90.0,10.0,2.0,14.0,6.0,2.0,-6.0,16.0,50.0,110.0,-30.0,-4.0,-6.0,110.0,0.0,150.0,9.0,-14.0,110.0,13.0,-3.0,-10.0,5.0,8.0,-20.0,17.0,55.0,57.0
2018-08-23,2018,8,23,190.0,-70.0,60.0,20.0,0.0,30.0,70.0,20.0,15.0,60.0,-30.0,-1.0,-20.0,-1.0,-2.0,6.0,-6.0,4.0,-7.0,-1.0,0.0,150.0,80.0,-6.0,0.0,-40.0,-360.0,150.0,5.0,-20.0,-10.0,15.0,12.0,15.0,14.0,11.0,45.0,0.0,-22.0,55.0
2018-08-22,2018,8,22,60.0,40.0,130.0,35.0,-40.0,90.0,10.0,-30.0,0.0,130.0,-45.0,12.0,90.0,14.0,4.0,1.0,13.0,-3.0,-12.0,12.0,250.0,-90.0,-110.0,14.0,12.0,110.0,400.0,0.0,5.0,11.0,120.0,0.0,-1.0,9.0,11.0,-10.0,30.0,19.0,121.0,-22.0
2018-08-21,2018,8,21,100.0,-60.0,30.0,10.0,-90.0,-110.0,-25.0,0.0,-5.0,20.0,-15.0,-4.0,-30.0,-6.0,-5.0,-8.0,-14.0,-1.0,2.0,-4.0,-200.0,-240.0,-120.0,4.0,-1.0,-20.0,-200.0,-50.0,-6.0,-21.0,-10.0,-4.0,17.0,-8.0,-3.0,-9.0,-55.0,-1.0,-19.0,121.0
2018-08-20,2018,8,20,70.0,-60.0,-80.0,-5.0,-20.0,-30.0,-55.0,19.0,10.0,-90.0,30.0,-8.0,-50.0,-5.0,12.0,-6.0,-9.0,-7.0,-6.0,-11.0,50.0,140.0,150.0,-25.0,-6.0,-60.0,-290.0,50.0,-3.0,-28.0,-110.0,6.0,-13.0,2.0,-7.0,15.0,-45.0,-5.0,-6.0,-19.0
2018-08-17,2018,8,17,-120.0,-60.0,90.0,-60.0,-30.0,-250.0,-5.0,-9.0,-40.0,70.0,-25.0,15.0,100.0,11.0,-11.0,8.0,8.0,5.0,-14.0,11.0,100.0,-210.0,-50.0,13.0,9.0,100.0,-160.0,50.0,-30.0,20.0,170.0,4.0,2.0,8.0,0.0,-2.0,100.0,10.0,40.0,-6.0
2018-08-16,2018,8,16,80.0,-170.0,0.0,-10.0,50.0,-10.0,15.0,0.0,5.0,0.0,0.0,-9.0,-50.0,-11.0,7.0,-12.0,-6.0,8.0,10.0,-9.0,0.0,-220.0,-90.0,12.0,-3.0,-30.0,40.0,-100.0,-1.0,18.0,-90.0,-12.0,-8.0,-14.0,8.0,14.0,-10.0,-8.0,-7.0,40.0
2018-08-15,2018,8,15,0.0,110.0,-110.0,50.0,-60.0,-10.0,0.0,-11.0,14.0,-120.0,45.0,-15.0,-110.0,-15.0,6.0,-7.0,-8.0,-3.0,11.0,-12.0,-250.0,240.0,250.0,6.0,2.0,-120.0,-70.0,150.0,0.0,15.0,-130.0,19.0,10.0,15.0,-9.0,-11.0,-20.0,-16.0,13.0,-7.0
2018-08-14,2018,8,14,-140.0,-140.0,400.0,-150.0,0.0,-10.0,-160.0,1.0,-49.0,460.0,-200.0,21.0,160.0,28.0,3.0,24.0,25.0,-6.0,6.0,22.0,500.0,-300.0,-370.0,-8.0,0.0,160.0,-10.0,200.0,-9.0,-25.0,270.0,13.0,6.0,10.0,7.0,3.0,-65.0,11.0,228.0,13.0
2018-08-13,2018,8,13,470.0,-10.0,-390.0,-20.0,-80.0,0.0,0.0,-21.0,-32.0,-440.0,180.0,-34.0,-300.0,-40.0,-11.0,-24.0,-43.0,17.0,7.0,-32.0,-850.0,-230.0,-210.0,-4.0,0.0,-260.0,540.0,-350.0,-1.0,20.0,-540.0,-32.0,4.0,-48.0,-74.0,-12.0,0.0,-29.0,-229.0,228.0
2018-08-10,2018,8,10,-430.0,50.0,-360.0,-60.0,50.0,-100.0,-30.0,-4.0,-7.0,-310.0,125.0,-22.0,-190.0,-17.0,-1.0,-11.0,-28.0,-4.0,-7.0,-14.0,-350.0,10.0,-60.0,15.0,1.0,-130.0,230.0,-200.0,2.0,-20.0,-220.0,-7.0,-3.0,3.0,-11.0,-1.0,30.0,-17.0,-41.0,-229.0
2018-08-09,2018,8,9,-300.0,70.0,10.0,120.0,20.0,-10.0,-60.0,0.0,9.0,-50.0,20.0,-2.0,-20.0,-3.0,-3.0,-7.0,-3.0,-6.0,24.0,1.0,-150.0,110.0,20.0,-8.0,3.0,-20.0,-10.0,0.0,-5.0,10.0,-60.0,-8.0,-10.0,-17.0,-18.0,-10.0,-60.0,-1.0,-29.0,-41.0
2018-08-08,2018,8,8,-40.0,70.0,-10.0,-120.0,10.0,0.0,-20.0,5.0,-3.0,0.0,0.0,2.0,0.0,-2.0,1.0,-9.0,1.0,-5.0,-34.0,0.0,200.0,50.0,-10.0,1.0,2.0,-40.0,-230.0,50.0,13.0,17.0,-80.0,2.0,10.0,12.0,17.0,-12.0,110.0,13.0,29.0,-29.0
2018-08-07,2018,8,7,-10.0,140.0,150.0,-20.0,-70.0,-50.0,40.0,9.0,33.0,150.0,-60.0,10.0,100.0,-2.0,-25.0,-11.0,-13.0,1.0,0.0,11.0,150.0,-120.0,-190.0,4.0,1.0,130.0,-340.0,50.0,10.0,-17.0,210.0,-9.0,3.0,-13.0,-20.0,-5.0,-55.0,4.0,158.0,29.0
2018-08-06,2018,8,6,-50.0,-70.0,0.0,-20.0,70.0,190.0,-30.0,-10.0,-39.0,0.0,5.0,-9.0,-60.0,-10.0,-5.0,-8.0,-4.0,-12.0,16.0,-8.0,-100.0,-130.0,-180.0,0.0,-6.0,-90.0,-290.0,150.0,-19.0,38.0,-90.0,8.0,-16.0,9.0,5.0,5.0,-55.0,-11.0,43.0,158.0
2018-08-03,2018,8,3,0.0,-170.0,0.0,-15.0,-150.0,10.0,170.0,-5.0,-50.0,10.0,-15.0,-8.0,-60.0,-9.0,4.0,-10.0,-2.0,22.0,53.0,-3.0,-200.0,-170.0,-170.0,5.0,-3.0,-70.0,-290.0,200.0,7.0,-38.0,-150.0,17.0,3.0,6.0,2.0,12.0,55.0,-13.0,-5.0,43.0
2018-08-02,2018,8,2,20.0,10.0,-230.0,5.0,-10.0,0.0,-50.0,-2.0,49.0,-260.0,100.0,-21.0,-180.0,-20.0,6.0,-18.0,-27.0,-9.0,16.0,-25.0,-250.0,60.0,220.0,-12.0,-2.0,-170.0,50.0,-150.0,-7.0,-31.0,-180.0,-14.0,-5.0,-17.0,-28.0,9.0,5.0,0.0,-79.0,-5.0
2018-08-01,2018,8,1,-260.0,80.0,140.0,-65.0,-10.0,120.0,50.0,-2.0,-59.0,200.0,-75.0,13.0,170.0,19.0,-6.0,10.0,21.0,-1.0,4.0,18.0,400.0,-100.0,-350.0,-2.0,17.0,150.0,-140.0,200.0,-9.0,-1.0,230.0,22.0,13.0,19.0,11.0,37.0,0.0,-5.0,29.0,-79.0
2018-07-31,2018,7,31,190.0,100.0,50.0,-15.0,50.0,-950.0,0.0,28.0,9.0,10.0,-10.0,-9.0,-140.0,-16.0,18.0,-17.0,-8.0,2.0,35.0,-11.0,-200.0,-90.0,-90.0,9.0,-6.0,-90.0,90.0,50.0,27.0,-31.0,-210.0,0.0,2.0,4.0,-1.0,-4.0,40.0,1.0,37.0,29.0
